COUNTRY,,Physical exposure to earthquake MMI VI,Physical exposure to earthquake MMI VIII,Annual Expected Exposed People to River Floods,Annual Expected Exposed People to Tsunamis,Annual Expected Exposed People to Cyclone's Wind SS1,Annual Expected Exposed People to Cyclone's Wind SS3,Annual Expected Exposed People to Coastal Floods,Total affected by Drought,Frequency of Drought events,Agriculture Drought probability,Population exposed to CCHF (zoonoses),Population exposed to EVD (zoonoses),Population exposed to Lassa Fever (zoonoses),Population exposed to MVD (zoonoses),Populations at risk of Plasmodium vivax malaria (vector borne),% of Populations at risk of Plasmodium vivax malaria (vector borne),Populations at risk of Plasmodium falciparum malaria (vector borne),% of Populations at risk of Plasmodium falciparum malaria (vector borne),Population exposed to Zika (vector borne),Population at Risk to Aedes (vector borne),Population exposed to Dengue (vector borne),Population density (people per sq. km of land area),Urban population growth (annual %),Population living in urban areas (%),Household size,People practicing open defecation (% of population),People with basic handwashing facilities including soap and water (% of population),Number of vets,IHR capacity score: Food safety,Population living in slums (% of urban population),Children under 5 (% of population),Highly Violent Conflict probability,National Power Conflict Intensity (Highly Violent),Subnational Conflict Intensity (Highly Violent),Human Development Index,Multidimensional Poverty Index,Humanitarian Aid (FTS),Development Aid (ODA),Development Aid (ODA),Net ODA received (% of GNI),Volume of remittances (in USD) as a proportion of total GDP (%),"Mortality rate, under-5",U5 Under weight,Incidence of Tuberculosis,Estimated number of people living with HIV - Adult (>15) rate,"Incidence of HIV (per 1,000 uninfected population ages 15-49)","Malaria incidence per 1,000 population at risk",Number of people requiring interventions against neglected tropical diseases,Gender Inequality Index,Income Gini coefficient,People affected by Natural Disasters,People affected by Natural Disasters,People affected by Natural Disasters,Internally displaced persons (IDPs),Refugees and asylum-seekers by country of asylum,Returned Refugees,Average Dietary Energy Supply Adequacy ,Prevalence of Undernourishment,HFA Scores Last recent,Government Effectiveness,Corruption Perception Index,Access to electricity,Adult literacy rate,Individuals using the Internet,Mobile cellular subscriptions,Road lenght,People using at least basic sanitation services (% of population),People using at least basic drinking water services (% of population),Physicians Density,Proportion of the target population with access to 3 doses of diphtheria-tetanus-pertussis (DTP3) (%),Proportion of the target population with access to measles-containing-vaccine second-dose (MCV2) (%),Proportion of the target population with access to pneumococcal conjugate 3rd dose (PCV3) (%),Current health expenditure per capita,Maternal Mortality Ratio (modeled estimate),GDP per capita (current US$),Land area (sq. km)
Afghanistan,AFG,80872,38334,301049,0,0,0,0,886000,0.17,0.29,21644812,No data,No data,No data,35507304,0.89,34074184,0.86,0,7827047,2973908,59.75,3.68,26.62,8.04,10.78,38.12,2115,20,73.3,16.07,0.9652,5,0,0.48,0.272,13044.22,4490.17,4687.80,31.66,2.06,55.7,19.1,189,0.1,0.07,6.25,14367281,0.68,No data,11035033,635414,8010,4393749,52377,6506,107,30.1,2.47,-1.63,24,97.7,37.27,18.40,56.6,72000,50.5,75.1,2.54,66,44,65,322.53,620.00,364,652230
Albania,ALB,5974,4731,7454,41,0,0,21706,91429,0.03,0.10,2344253,No data,No data,No data,0,0.00,0,0.00,0,0,181378,103.57,0.02,63.80,3.30,0.00,No data,734,80,2.8,4.91,0.0055,0,0,0.80,0.003,14.18,342.60,630.71,3.58,9.24,9.5,1.5,17,0.1,0.05,No data,21,0.14,29.40,84,0,0,0,4631,0,135,4.1,No data,0.00,36,100.0,98.45,79.32,92.3,19000,99.3,95.1,18.75,98,92,89,895.59,8.00,6803,27400
Algeria,DZA,75089,22015,18114,1,0,0,70,0,0.00,0.10,12,0,0,0,0,0.00,0,0.00,2939939,19525126,1350312,18.24,2.31,74.77,4.94,0.00,84.63,6068,80,13.3,10.68,0.5991,0,0,0.75,0.005,168.44,222.57,214.30,0.13,0.92,22.3,2.7,54,0.1,0.07,0,7081,0.50,27.60,45423,6768,26,0,102753,0,152,2.4,3.58,-0.62,33,99.8,81.41,70.77,106.4,110000,86.0,94.4,17.19,91,77,91,735.75,78.00,4274,2381740
Angola,AGO,0,0,20930,0,0,0,2344,197920,0.20,0.00,8438,285185,0,1354830,30712996,1.00,30709548,1.00,10045608,20926190,17420660,26.81,4.01,68.08,4.82,17.97,27.09,552,40,62.6,17.18,0.7161,0,0,0.59,0.282,97.14,118.36,248.28,0.38,0.01,69.4,19.0,325,1.6,0.86,254.87,8558522,0.54,51.30,9937,0,44450,0,55782,17,114,21.6,2.90,-1.06,33,48.2,72.28,32.60,44.4,51000,51.7,57.2,2.14,45,32,34,184.14,222.00,2999,1246700
Antigua and Barbuda,ATG,189,0,0,0,9331,1589,160,0,0.00,0.13,No data,No data,No data,No data,0,0.00,0,0.00,49285,78506,57170,210.60,0.44,24.35,2.85,0.26,No data,No data,No data,No data,5.73,0.0000,0,0,0.79,No data,0.39,27.59,5.41,0.36,1.97,6.1,No data,5,No data,No data,No data,1000,No data,No data,0,0,0,0,0,0,101,15.4,2.83,-0.14,No data,100.0,98.95,95.66,197.4,980,87.5,96.7,27.67,92,76,No data,1082.49,21.00,18745,440
Argentina,ARG,24659,7230,419953,0,0,0,3339,1001,0.11,0.23,No data,No data,No data,No data,0,0.00,0,0.00,5497032,25894436,3120300,16.58,1.05,92.35,2.95,1.58,No data,10368,80,No data,7.12,0.0389,0,0,0.84,0.001,40.78,107.86,153.82,0.03,0.20,6.9,1.7,30,0.4,0.21,0,151847,0.29,42.00,3111,124085,38000,0,180382,0,137,3.2,3.50,-0.36,38,100.0,99.00,87.15,130.5,520000,95.4,99.0,40.60,76,79,74,2089.52,45.00,13686,2736690
Armenia,ARM,5878,1900,11725,0,0,0,0,8486,0.03,0.10,2741952,No data,No data,No data,0,0.00,0,0.00,0,0,0,98.55,-0.15,63.57,3.54,0.01,94.72,590,40,8.4,6.33,0.0233,0,0,0.76,0.001,42.81,142.42,161.35,1.20,10.43,10.7,2.6,27,0.2,0.19,0,10,0.22,27.90,0,0,16000,8400,35886,0,144,2.4,2.00,-0.25,46,100.0,99.79,78.61,129.0,20000,93.9,100.0,29.14,93,94,93,1721.09,27.00,7014,28480
Australia,AUS,18,0,53268,52,109043,178,24710,200000,0.14,0.23,0,No data,No data,No data,0,0.00,0,0.00,694140,4446051,1783876,3.34,1.27,86.49,2.55,0.00,No data,4022,100,No data,5.84,0.0319,0,0,0.95,No data,-22.12,0.00,0.00,No data,0.08,3.7,No data,7,0.1,0.04,No data,18286,0.07,34.30,28718,247212,1347,0,153292,0,137,2.4,4.05,1.51,75,100.0,No data,96.24,105.3,770000,100.0,100.0,41.29,95,94,96,5929.98,3.00,64491,7682300
Austria,AUT,10774,0,105927,0,0,0,0,0,0.00,0.06,2943,No data,No data,No data,0,0.00,0,0.00,0,0,0,108.06,1.41,59.26,6.81,0.00,No data,1966,100,No data,4.77,0.0368,0,0,0.92,No data,0.00,0.00,0.00,No data,0.57,3.7,No data,5,No data,No data,No data,31,0.05,29.80,0,13,0,0,314956,0,150,2.4,4.18,1.57,71,100.0,No data,92.53,122.0,290000,100.0,100.0,52.93,85,88,No data,7236.66,5.00,52131,82409
Azerbaijan,AZE,21752,5965,71192,0,0,0,0,0,0.03,0.19,8501283,No data,No data,No data,0,0.00,0,0.00,0,173,36191,122.12,1.06,57.17,4.55,0.09,89.30,2901,80,No data,6.49,0.7931,0,0,0.75,No data,47.55,132.69,9.33,0.02,5.02,18.6,4.9,63,0.1,0.04,0,0,0.29,No data,0,0,0,658742,10151,0,139,2.4,No data,0.25,23,100.0,99.80,86.00,104.9,26000,96.1,96.0,31.68,89,90,90,655.92,41.00,7737,82658
Bahamas,BHS,0,0,0,0,30574,5784,1912,0,0.00,0.06,No data,No data,No data,No data,0,0.00,0,0.00,113102,276828,212661,40.61,0.66,83.49,3.40,0.22,No data,93,80,No data,5.64,0.0038,0,0,0.81,No data,0.80,0.00,0.00,No data,No data,13.2,No data,12,1.3,0.38,No data,0,0.33,No data,0,0,0,0,41,0,101,15.4,No data,0.46,64,100.0,No data,94.29,114.6,4800,94.9,98.9,19.39,75,82,82,2390.60,77.00,31458,10010
Bahrain,BHR,0,0,0,0,0,0,2322,0,0.00,No data,0,No data,No data,No data,0,0.00,0,0.00,0,1237093,748908,1882.13,0.75,89.74,No data,0.00,No data,130,100.0,No data,6.37,0.0383,0,0,0.88,No data,0.0,0.00,0.00,No data,No data,6.9,No data,15,0.1,0.08,No data,3,0.18,No data,0,0,0,0,377,0,128,10.5,3.48,0.72,44,100.0,97.46,100.00,131.4,3400,100.0,100.0,9.26,98,99,99,2379.67,16.00,30152,760
Bangladesh,BGD,362527,33921,6562714,1109,2598479,483897,555285,142857,0.06,0.00,69773112,No data,No data,No data,33983152,0.21,36261228,0.23,136047888,160030896,159384640,1286.17,3.02,39.71,4.26,0.00,58.40,36444,60,51.9,8.57,0.6633,0,0,0.66,0.104,3232.16,5532.21,5083.56,1.15,4.67,27.3,22.6,221,0.1,0.01,0.49,56381568,0.53,32.40,1568744,8200000,450012,427352,1904717,5,113,11.2,3.78,-0.63,25,99.0,74.91,38.92,108.9,24000,54.2,97.7,6.67,98,93,99,132.84,123.00,2688,130170
Barbados,BRB,577,0,0,1,27899,3945,30,0,0.03,No data,No data,No data,No data,No data,0,0.00,0,0.00,159633,254970,233167,652.77,0.40,31.32,No data,0.82,88.47,10,80,No data,5.35,0.0019,0,0,0.79,0.009,5.60,0.00,0.00,No data,0.00,11.9,3.5,0,0.9,0.45,No data,448,0.27,No data,3300,0,179,0,0,0,129,2.4,3.90,0.54,65,100.0,99.60,85.82,112.6,1800,98.1,98.5,24.88,82,70,83,1041.75,39.00,20019,430
Belarus,BLR,0,0,38212,0,0,0,0,0,0.00,0.10,663474,No data,No data,No data,0,0.00,0,0.00,0,0,0,46.21,-0.50,80.33,4.50,0.00,No data,13409,100,2.3,4.74,0.0209,0,0,0.81,No data,48.76,877.96,-259.72,-0.39,2.01,2.7,No data,30,0.5,0.21,No data,0,0.10,24.40,0,0,420,0,25965,0,135,2.4,3.88,-0.77,39,100.0,99.87,86.89,122.8,200000,97.9,96.5,45.38,98,98,No data,1285.70,1.00,7905,202910
Belgium,BEL,8173,0,61361,0,0,0,59607,0,0.00,0.06,0,No data,No data,No data,0,0.00,0,0.00,0,0,0,381.06,0.69,98.15,4.68,0.00,No data,6017,100,No data,5.10,0.0261,0,0,0.94,No data,-0.46,0.00,0.00,No data,2.32,4.1,1.1,8,No data,No data,No data,18,0.05,26.00,101950,0,0,0,195029,0,152,2.4,No data,1.13,73,100.0,No data,92.79,101.1,150000,99.5,100.0,31.49,98,85,94,5883.08,5.00,49583,30280
Belize,BLZ,386,0,354,0,13535,2462,1781,0,0.00,0.16,No data,No data,No data,No data,0,0.00,0,0.00,239181,272417,292301,17.31,1.72,46.40,3.75,0.57,90.28,25,80,15.7,9.09,0.0051,0,0,0.68,0.017,12.28,73.71,77.26,3.20,5.04,11.2,4.6,28,1.1,0.67,0.00,1251,0.36,No data,0,172150,0,0,2127,0,124,4.9,No data,-0.49,No data,97.7,No data,61.99,66.0,6000,88.2,98.4,10.78,83,77,No data,436.23,130.00,6968,22810
Benin,BEN,0,0,91265,0,0,0,353,0,0.00,0.00,3661493,8723,4269271,0,5712470,0.43,13227170,1.00,6613019,9934991,10833800,112.12,3.84,49.53,5.19,51.58,12.03,636,40,67.9,16.27,0.2483,0,0,0.52,0.368,21.87,1113.05,848.34,4.79,1.20,83.5,16.8,53,0.8,0.20,383.45,6005261,0.60,37.80,35850,73000,0,1231,3239,0,126,9.9,2.78,-0.21,43,42.0,45.84,33.97,98.0,13000,17.0,65.4,0.65,76,No data,73,87.04,523.00,1303,112760
Bhutan,BTN,1791,527,2202,0,0,0,0,0,0.00,0.00,565421,No data,No data,No data,98191,0.13,97838,0.13,167729,341709,452643,20.25,2.20,43.69,4.59,0.00,91.69,679,60,No data,6.28,0.0075,0,0,0.67,0.175,0.00,213.70,126.79,5.32,2.89,26.7,12.7,164,0.2,0.16,0.02,181040,0.41,37.40,502,0,0,0,0,0,111,15.9,3.22,0.80,68,100.0,70.95,85.64,100.1,1600,76.5,97.3,4.99,98,91,95,495.92,60.00,3266,38394
Bolivia,BOL,23297,3450,35169,0,0,0,0,44420,0.29,0.16,No data,No data,No data,No data,7342567,0.63,6165145,0.53,3472489,4423871,4057015,11.02,1.69,70.83,3.53,9.79,26.94,8156,20,No data,10.42,0.0293,0,0,0.69,0.038,17.55,360.34,506.15,1.28,3.39,24.7,3.4,109,0.3,0.22,2.72,194638,0.42,40.90,303597,375000,200070,0,14708,0,104,19.4,2.77,-0.73,31,98.6,93.85,65.98,99.6,95000,65.8,93.4,10.30,70,56,70,636.87,161.00,3523,1083300
Bosnia and Herzegovina,BIH,6805,0,20237,0,0,0,0,1788,0.06,0.06,1418,No data,No data,No data,0,0.00,0,0.00,0,0,79698,64.81,-0.31,49.84,3.50,0.00,97.26,306,80.0,No data,4.62,0.0104,0,0,0.78,0.008,247.35,467.29,563.51,2.44,10.05,5.6,1.6,25,No data,No data,No data,0,0.14,33.00,250000,4052,10020,91223,366,0,136,2.4,No data,-1.04,34,100.0,98.10,75.68,114.0,38000,95.4,96.1,21.62,73,76,No data,1517.00,6.00,7585,51000
Botswana,BWA,0,0,3375,0,0,0,0,3943,0.09,0.19,5306,0,0,0,0,0.00,1149707,0.49,258394,2016789,39602,4.49,2.53,72.22,3.52,9.81,No data,574,40,39.6,11.26,0.0099,0,0,0.69,0.073,4.44,82.47,95.83,0.54,0.27,34.9,No data,235,18.6,6.03,0.62,1430711,0.47,53.30,0,0,0,0,830,0,109,22.9,2.75,0.35,60,73.7,86.82,73.50,160.7,40000,80.0,92.2,3.78,95,70,90,875.48,186.00,7738,566730
Brazil,BRA,275,2,941275,0,0,0,19458,1230343,0.40,0.00,No data,No data,No data,No data,105593480,0.49,69298864,0.32,118610504,170530992,175253808,25.51,0.73,87.56,3.31,0.30,No data,16104,100,No data,6.53,0.9784,0,0,0.75,0.016,218.32,647.29,1111.45,0.07,0.26,14.4,3.1,48,0.6,0.39,3.72,9710068,0.39,52.90,1608050,224081,68674,5582,538331,0,134,4.7,3.28,-0.46,38,99.5,94.30,80.69,102.5,900000,90.1,99.3,23.11,68,46,69,1529.44,72.00,8918,8459420
Brunei Darussalam,BRN,0,0,2315,0,0,0,201,0,0.00,0.10,0,No data,No data,No data,0,0.00,0,0.00,347143,409780,388841,83.82,1.19,78.85,No data,2.60,No data,58,No data,No data,6.98,0.0031,0,0,0.83,No data,0.00,0.00,0.00,No data,0.0,11.5,9.6,61,No data,No data,No data,2,0.26,No data,0,0,0,0,20863,0,125,5.2,2.62,1.45,60,100.0,97.59,98.08,135.5,1500,96.3,99.9,16.09,99,99,No data,1555.22,44.00,37152,5270
Bulgaria,BGR,13644,0,18673,0,0,0,654,0,0.03,0.10,6167459,No data,No data,No data,0,0.00,0,0.00,0,0,0,63.87,-5.74,76.36,2.34,0.00,No data,2779,80,No data,4.40,0.0086,0,0,0.80,No data,25.96,0.00,0.00,No data,2.28,6.3,1.6,17,0.1,0.06,No data,90,0.21,40.50,525,10937,0,0,188624,0,119,2.4,3.72,-0.14,43,99.8,98.42,75.27,114.8,84000,86.0,99.0,42.07,89,86,86,2087.77,7.00,13772,108560
Burkina Faso,BFA,0,0,4303,0,0,0,0,461349,0.26,0.03,8720777,0,681937,0,914599,0.04,23912956,1.00,3591835,18014016,17406406,78.66,4.58,31.88,5.92,39.92,9.01,1832,60,26.6,15.93,0.9006,0,5,0.45,0.523,1968.35,1838.22,1609.90,8.48,3.12,82.6,17.7,45,0.6,0.12,376.77,3708202,0.62,47.30,0,3500928,0,1882391,34926,0,120,16.2,3.72,-0.73,42,19.0,46.04,21.58,111.7,41000,21.7,47.2,0.94,91,71,66,143.60,264.00,833,273600
Burundi,BDI,18730,0,4180,0,0,0,0,87500,0.17,0.03,3575719,328789,0,1661952,88227,0.01,11038542,0.91,7853205,5773105,3568279,475.87,5.18,14.42,4.83,2.58,6.20,1565,40,36.8,16.03,0.6834,0,0,0.43,0.409,535.75,511.33,606.61,21.21,1.62,52.6,27.6,100,0.9,0.13,291.44,3187928,0.50,38.60,47362,0,239,8495,89369,21794,100,28.4,3.15,-1.33,17,10.2,74.71,5.80,61.7,6000,45.7,62.2,0.72,94,85,94,46.21,494.00,238,25680
Cabo Verde,CPV,0,0,0,0,0,0,0,4460,0.14,No data,131562,No data,No data,No data,24201,0.04,52961,0.09,0,397173,425331,144.58,1.54,67.54,No data,14.45,No data,45,80,No data,8.37,0.0056,0,0,0.66,No data,5.53,168.25,145.23,7.28,13.54,13.5,No data,35,0.6,0.39,0.00,150015,0.35,42.40,0,46093,0,0,115,0,101,18.2,3.65,0.04,60,95.5,90.78,69.76,100.4,2400,79.1,88.8,8.31,93,86,No data,366.30,42.00,3903,4030
Cambodia,KHM,0,0,467161,3,14629,0,2190,258571,0.14,0.03,4816160,No data,No data,No data,17268100,1.00,16396085,0.95,7851579,15040704,15371643,92.89,2.86,25.11,4.61,19.28,73.87,12208,60,39.7,9.51,0.0412,0,0,0.59,0.070,100.43,1436.91,1365.44,5.32,8.73,24.8,16.3,288,0.6,0.11,1.63,4500729,0.46,No data,13726,167770,14100,0,75036,0,123,4.8,2.30,-0.42,24,82.5,83.91,60.15,120.0,33000,68.8,71.2,1.93,92,71,90,331.58,218.00,1787,176520
Cameroon,CMR,0,0,143522,0,0,0,955,73944,0.14,0.06,10126382,2087440,1518024,4072794,31196102,1.00,31141836,1.00,14438945,21688468,22509148,56.04,3.60,58.73,4.99,5.55,36.42,4374,40,32.7,15.78,0.9177,0,5,0.58,0.232,1107.41,1484.03,1138.08,2.54,0.82,69.8,11.0,164,2.9,0.77,245.08,11465695,0.56,46.60,0,2556202,0,986572,483134,30758,124,6.4,3.97,-0.88,26,65.4,78.23,45.60,80.0,37000,44.6,65.7,1.29,69,35,67,145.95,438.00,1588,472710
Canada,CAN,24171,1185,243504,64,44226,0,14139,0,0.03,0.06,No data,No data,No data,No data,0,0.00,0,0.00,0,0,0,4.24,1.94,81.75,2.45,0.00,No data,14640,100,No data,4.93,0.0142,0,0,0.94,No data,-0.80,0.00,0.00,No data,0.04,5.0,No data,5,No data,No data,No data,1,0.07,32.50,15552,6000,31450,0,258489,0,146,2.4,3.82,1.60,74,100.0,No data,92.83,88.1,1200000,99.0,99.2,24.43,92,83,84,5930.70,11.00,54966,9093510
Central African Republic,CAF,0,0,32148,0,0,0,0,63477,0.03,0.00,1562834,871334,2396,932593,5387998,1.00,5387998,1.00,4762754,4871357,4893773,8.58,3.31,43.12,5.59,25.15,21.51,199,No data,No data,18.18,0.9323,5,0,0.40,0.461,2445.22,883.90,657.37,24.27,0.0,99.9,21.5,540,2.7,0.95,334.71,6389657,0.67,No data,3957,2369695,0,515665,11683,5703,84,48.7,No data,-1.64,24,15.7,37.49,10.58,33.6,30000,14.1,37.2,0.72,42,No data,40,84.10,835.00,427,622980
Chad,TCD,0,0,315155,0,0,0,0,270805,0.20,0.00,5568383,0,4104,0,167044,0.01,16072518,0.95,1223125,13702384,12504915,13.22,4.29,24.06,5.97,64.07,25.30,184,20,82.0,18.65,0.9296,0,5,0.39,0.517,1635.58,1100.81,729.77,6.22,0.0,107.1,18.9,140,1.1,0.31,206.36,6592702,0.65,37.50,269180,3235591,0,300234,597717,8,102,31.4,No data,-1.42,19,11.3,26.76,17.87,60.2,31000,12.1,46.2,0.61,58,No data,No data,84.58,1063.00,717,1259200
Chile,CHL,40583,40117,50189,693,0,0,915,0,0.03,0.00,No data,No data,No data,No data,0,0.00,0,0.00,0,563740,4123,25.96,0.67,87.91,3.04,0.00,No data,1362,100,No data,5.85,0.0206,0,0,0.86,No data,52.34,0.00,0.00,No data,0.02,6.6,0.5,16,0.6,0.37,No data,208,0.19,44.90,1131,8590,32207,0,450874,0,126,2.5,3.72,0.63,67,100.0,97.04,90.19,136.3,150000,100.0,100.0,28.35,95,58,92,2578.85,15.00,15356,743532
China,CHN,870810,4019,21581814,11749,28704140,441502,6761982,14574286,0.97,0.00,54959140,No data,No data,No data,0,0.00,0,0.00,185815056,776591488,345781888,149.72,1.65,63.56,No data,0.32,No data,1050000,80,No data,4.72,0.2242,0,0,0.77,0.016,0.25,-519.90,-565.28,0.00,0.15,6.9,2.4,55,No data,No data,0,418,0.19,38.20,17888974,6309457,1495368,0,1105,0,137,2.4,4.00,0.84,45,100.0,97.15,73.05,121.5,1000000,92.4,94.3,22.27,99,99,No data,962.29,23.00,12720,9327490
Colombia,COL,101564,40118,257249,763,33358,1339,32509,2857,0.06,0.00,No data,No data,No data,No data,28270904,0.59,24869712,0.52,29298544,30179000,34173840,45.90,1.07,82.05,3.53,2.59,68.03,28090,80,9.7,7.04,0.9211,0,4,0.75,0.020,2284.84,1996.07,1915.25,0.61,2.74,12.8,3.7,41,0.5,0.30,8.98,3272079,0.42,51.50,50467,269508,5344,4766280,2478155,6,132,6.6,3.78,-0.01,39,100.0,95.64,73.03,145.7,120000,93.7,97.5,23.27,86,86,84,1335.86,75.00,6630,1109500
Comoros,COM,0,0,0,0,4207,0,200,0,0.00,0.00,85795,0,0,17,0,0.00,716151,0.99,525553,539340,644380,433.19,2.67,29.86,5.37,0.59,15.57,22,40,No data,13.65,0.0194,0,0,0.56,0.181,17.01,139.75,152.33,11.70,20.09,49.7,16.9,35,0.1,0.01,12.82,524334,No data,45.30,0,0,0,0,17,0,109,13.5,1.90,-1.79,19,87.9,61.99,27.34,103.9,690,35.9,80.2,2.64,85,19,No data,179.39,217.00,1485,1861
Congo,COG,0,0,97011,0,0,0,287,0,0.00,0.03,2402588,408638,2975,305021,0,0.00,5171723,1.00,3975722,4498096,4562771,16.70,2.94,68.74,4.22,8.45,48.19,274,40,44.2,14.27,0.3828,0,0,0.57,0.112,79.37,228.19,203.04,1.52,0.12,43.0,12.3,370,3.8,3.80,219.34,1486475,0.56,48.90,46652,164679,0,26875,59913,5,98,33.3,No data,-1.55,21,49.7,80.61,8.65,96.8,5900,20.5,73.8,1.04,77,31,75,158.56,282.00,2448,341500
Congo DR,COD,60845,0,386047,0,0,0,134,742080,0.03,0.00,35327608,18610200,0,20083968,0,0.00,84433520,0.97,64801776,66393004,69745336,40.96,4.49,46.84,5.17,12.03,19.17,3704,20,78.4,18.38,0.9875,0,5,0.48,0.331,5398.69,3595.77,3606.69,6.63,2.87,79.0,23.1,318,0.7,0.26,318.25,52044664,0.60,42.10,291066,26234266,20000,5686431,522691,11253,99,35.3,2.00,-1.63,20,20.8,80.02,22.90,48.9,180000,15.4,46.0,3.75,65,No data,63,44.61,547.00,586,2267050
Costa Rica,CRI,10972,10949,2083,245,4178,0,1595,0,0.11,0.00,No data,No data,No data,No data,0,0.00,4635676,0.98,3458170,1369047,4248142,100.33,1.27,82.04,3.21,0.13,85.92,767,80,3.5,6.18,0.0125,0,0,0.81,0.002,82.74,219.76,77.87,0.13,0.91,7.6,2.9,11,0.5,0.37,0.10,5746,0.26,48.70,200000,300000,0,0,270561,0,125,3.0,4.42,0.26,54,100.0,98.04,82.75,152.0,23000,97.9,99.8,33.00,99,69,92,1737.45,22.00,13199,51060
CÃ´te d'Ivoire,CIV,0,0,34149,1,0,0,663,0,0.00,0.03,7012794,567179,12897501,237287,5737173,0.21,26904050,1.00,19797176,20368542,22595678,84.31,3.37,52.66,4.58,25.26,21.62,537,20.0,53.2,15.14,0.1860,0,0,0.55,0.236,27.87,1649.53,1574.72,2.23,0.51,74.8,14.0,128,1.9,0.33,270.87,19558880,0.61,37.20,0,11592,0,301705,936888,21304,131,7.7,1.87,-0.50,37,71.1,89.89,45.43,162.2,32000,34.6,70.9,1.62,76,1,57,200.16,480.00,2486,318000
Croatia,HRV,7715,0,45285,20,0,0,2965,0,0.03,0.06,10122,No data,No data,No data,0,0.00,0,0.00,0,200,81237,72.33,-0.06,58.22,2.80,0.00,No data,1998,80,No data,4.41,0.0058,0,0,0.86,No data,3.85,0.00,0.00,No data,7.60,4.6,No data,4,0.1,0.04,No data,1,0.09,29.50,0,0,6277,0,22572,5,131,2.4,3.25,0.59,50,100.0,99.45,81.25,108.4,83000,96.6,99.6,34.65,92,90,75,2228.97,5.00,18413,55960
Cuba,CUB,11245,1656,388,3,584379,91304,9808,26286,0.14,0.03,No data,No data,No data,No data,0,0.00,0,0.00,10301908,11038146,10877271,108.87,-0.25,77.40,2.71,0.24,92.20,11081,100.0,10.5,4.79,0.0141,0,0,0.76,0.003,30.07,555.21,151.88,0.49,No data,5.0,2.4,7,0.5,0.35,No data,46982,0.30,No data,0,3209080,18500,0,182,0,131,2.4,4.00,-0.22,45,100.0,99.67,71.12,63.1,67000,91.4,97.0,84.20,99,99,No data,2594.53,39.00,9500,106440
Cyprus,CYP,2421,1263,0,2,0,0,244,0,0.06,0.10,0,No data,No data,No data,0,0.00,0,0.00,30791,928409,10419,133.93,0.67,66.91,5.51,0.00,No data,103,100,No data,5.26,0.0027,0,0,0.90,No data,2.20,0.00,0.00,No data,1.83,2.8,No data,4,0.1,0.07,No data,1,0.12,31.70,150,0,0,245943,65853,0,119,2.4,No data,0.74,52,100.0,99.36,90.76,148.7,19000,99.4,99.8,31.44,96,88,81,3218.90,68.00,31284,9240
Czech Republic,CZE,164,0,36875,0,0,0,0,0,0.00,0.10,0,No data,No data,No data,0,0.00,0,0.00,0,0,0,138.58,0.41,74.38,4.74,0.00,No data,3877,60.0,No data,5.17,0.0077,0,0,0.89,No data,26.87,0.00,0.00,No data,1.43,2.8,No data,4,No data,No data,No data,1,0.12,26.20,3815,3,0,0,437755,0,134,2.4,4.02,1.11,56,100.0,99.83,82.67,126.4,210000,99.1,99.9,41.53,94,90,No data,3846.02,3.00,27638,77240
Denmark,DNK,0,0,0,0,0,0,23829,0,0.03,0.10,0,No data,No data,No data,0,0.00,0,0.00,0,0,0,145.79,0.93,88.37,No data,0.00,No data,1880,100,No data,5.32,0.0051,0,0,0.95,No data,14.65,0.00,0.00,No data,0.32,3.6,No data,4,0.1,0.04,No data,0,0.01,27.50,0,3,0,0,82112,0,135,2.4,3.93,2.00,90,100.0,No data,98.87,125.8,150000,99.6,100.0,42.25,97,94,96,7139.64,5.00,66983,42430
Djibouti,DJI,2218,0,0,4,0,0,813,33005,0.23,No data,222398,0,0,0,1181962,0.94,1181962,0.94,250313,767343,549388,47.03,1.58,78.38,No data,16.18,No data,137,20,No data,10.43,0.1707,0,0,0.51,No data,175.84,273.76,175.87,5.29,1.56,54.1,16.2,204,0.7,0.19,70.49,110561,No data,41.60,0,192168,0,0,29557,0,109,16.8,2.80,-0.80,30,65.4,No data,68.86,44.3,2600,66.7,76.0,2.24,59,48,59,105.22,234.00,3136,23180
Dominica,DMA,128,0,0,1,7226,1110,20,0,0.00,0.06,No data,No data,No data,No data,0,0.00,0,0.00,40646,49964,55440,95.99,0.87,71.70,No data,5.57,No data,No data,100.0,No data,6.46,0.0000,0,0,0.72,No data,0.00,68.52,79.07,14.22,8.50,35.9,No data,16,No data,No data,No data,418,No data,No data,0,0,0,0,0,0,117,6.7,No data,-0.09,55,100.0,No data,80.93,85.9,1000,80.4,95.4,11.03,92,88,No data,661.16,No data,8415,750
Dominican Republic,DOM,23445,21403,3027,19,1072147,297361,4367,0,0.00,0.00,No data,No data,No data,No data,0,0.00,6467790,0.59,7335946,8430629,9686308,227.69,1.75,83.85,3.09,2.25,46.90,824,80,11.2,8.97,0.0240,0,0,0.77,0.009,34.72,393.58,447.57,0.50,9.04,33.0,3.0,45,0.9,0.67,0.06,2612634,0.43,38.50,4178,1435269,97105,0,116443,0,130,6.3,3.17,0.03,32,98.1,95.17,85.24,87.6,29000,87.2,96.7,14.52,84,60,71,873.80,107.00,10121,48320
Ecuador,ECU,37972,36897,96233,974,0,0,6364,4133,0.09,0.10,No data,No data,No data,No data,11470085,0.64,7769532,0.43,7308385,7361669,9514529,70.82,1.46,64.57,7.56,0.91,87.17,3151,80,No data,8.27,0.6594,0,0,0.74,0.008,397.62,363.47,298.43,0.29,4.13,12.5,5.2,48,0.4,0.19,4.19,22080,0.36,45.80,151809,43183,216809,0,565183,0,111,13.9,3.82,-0.21,36,100.0,94.48,76.20,94.3,62000,91.5,95.4,22.20,72,58,62,931.00,66.00,6391,248360
Egypt,EGY,82221,0,4308809,119,0,0,470525,0,0.00,0.00,21517106,0,0,0,0,0.00,0,0.00,84565,7079078,4540454,107.96,1.81,42.97,4.13,0.00,89.83,63000,80,No data,11.05,0.9436,0,0,0.73,0.020,603.22,1649.69,7939.35,2.00,6.78,19.0,7.0,10,0.1,0.06,0,2932815,0.44,31.90,6235,0,0,0,358523,0,133,7.2,3.32,-0.43,30,100.0,73.09,72.06,94.7,83000,97.3,99.4,7.46,96,96,No data,524.02,17.00,4295,995450
El Salvador,SLV,13275,13275,5357,145,3146,0,2107,42475,0.17,0.00,No data,No data,No data,No data,0,0.00,0,0.00,5955799,4482749,5954427,303.70,1.22,74.77,3.92,0.30,90.70,103,100,16.5,7.92,0.0922,0,0,0.68,0.032,191.27,357.25,212.66,0.76,23.68,12.4,5.0,49,0.5,0.28,0,1483962,0.38,39.00,300,9373,0,51970,158,0,121,7.7,2.93,-0.31,33,97.9,89.98,62.88,175.3,11000,82.4,97.9,28.70,79,71,94,855.08,43.00,5127,20720
Equatorial Guinea,GNQ,0,0,749,0,0,0,123,0,0.00,0.19,266,263961,0,264080,1447358,0.99,1424534,0.98,694198,599693,744871,56.90,3.05,74.01,No data,2.85,No data,32,20,No data,13.83,0.0222,0,0,0.60,No data,5.75,6.46,12.32,0.14,0.0,76.8,5.6,275,6.9,5.77,213.18,668511,No data,No data,0,0,16,0,0,0,104,23.0,No data,-1.16,17,66.8,94.37,53.92,39.5,3200,66.3,64.7,4.02,53,17,No data,594.28,212.00,7053,28050
Eritrea,ERI,4620,0,703,0,0,0,1244,160000,0.09,0.06,2403115,0,0,0,6442206,0.98,6210399,0.94,1242382,3350177,1004231,29.38,3.26,42.63,No data,67.00,No data,360,60,No data,13.31,0.0518,0,5,0.49,No data,44.41,65.03,43.94,No data,No data,38.1,39.4,74,0.5,0.11,25.66,462141,No data,No data,0,0,0,0,119,0,100,21.9,No data,-1.68,22,52.5,76.57,21.73,49.7,4700,11.9,51.8,0.82,95,85,95,74.31,322.00,No data,101000
Estonia,EST,0,0,7986,0,0,0,127,0,0.00,0.00,0,No data,No data,No data,0,0.00,0,0.00,0,0,0,31.10,1.31,69.61,2.30,0.00,No data,297,80,No data,5.29,0.0047,0,0,0.89,No data,0.06,0.00,0.00,No data,1.23,2.0,0.4,9,0.8,0.33,No data,0,0.10,30.70,0,0,0,0,109548,0,127,2.4,No data,1.38,74,100.0,99.87,91.04,149.1,53000,99.1,99.6,34.72,90,84,No data,3202.41,5.00,28333,42390
Eswatini,SWZ,0,0,540,0,88,0,0,67257,0.14,0.06,9060,0,0,3093,0,0.00,914579,0.79,1230,849098,113008,68.64,1.63,24.58,4.04,3.81,24.31,750,40,10.8,11.54,0.1570,0,0,0.60,0.081,39.80,110.53,123.72,2.87,3.05,52.6,5.8,348,27.9,14.88,0.92,406184,0.54,54.60,0,1058,0,0,2149,0,109,11.6,3.23,-0.73,30,82.9,89.28,58.91,120.1,7200,64.3,70.8,1.42,77,69,63,567.28,240.00,4040,17200
Ethiopia,ETH,82996,0,98385,0,0,0,0,2488340,0.37,0.00,46396668,145244,0,12571558,99499328,0.92,87221144,0.81,12097490,31863924,32921956,103.84,4.71,22.66,4.73,17.00,8.17,11566,40,64.3,14.74,0.9905,0,5,0.50,0.367,9784.64,5649.32,4066.27,3.60,0.26,46.8,21.2,119,0.8,0.17,46.26,71787216,0.52,35.00,6800000,24375976,240000,3851840,881812,288,112,21.9,3.85,-0.61,38,54.2,51.77,16.70,53.6,84000,8.9,49.6,1.06,65,46,61,82.73,267.00,1028,1000000
Fiji,FJI,1195,0,0,27,69000,5918,8102,9442,0.06,0.06,0,No data,No data,No data,0,0.00,0,0.00,538981,488829,769713,50.38,1.40,58.23,4.57,0.00,No data,222,No data,9.4,9.51,0.0025,0,0,0.73,0.006,48.30,207.15,605.38,14.96,9.28,27.7,4.6,66,0.2,0.32,No data,923067,0.32,30.70,82751,69564,0,0,18,0,120,6.6,4.95,0.62,53.00,92.1,99.08,87.66,107.2,3400,99.2,94.3,8.60,99,94,99,445.08,38.00,5317,18270
Finland,FIN,0,0,36153,0,0,0,4908,0,0.00,0.03,0,No data,No data,No data,0,0.00,0,0.00,0,0,0,18.19,0.39,85.68,2.07,0.00,No data,832,100,No data,4.30,0.0057,0,0,0.94,No data,-10.41,0.00,0.00,No data,0.21,2.2,No data,4,No data,No data,No data,5,0.03,27.10,0,0,0,0,79009,0,132,2.4,4.12,1.96,87,100.0,No data,92.81,129.2,260000,99.4,100.0,46.40,89,93,82,4896.91,8.00,50537,303890
France,FRA,16602,0,439031,4,0,0,100004,0,0.11,0.03,0,No data,No data,No data,0,0.00,0,0.00,0,0,5739,123.40,0.60,81.51,2.22,0.00,No data,21486,80,No data,5.20,0.0533,0,0,0.90,No data,-2.82,0.00,0.00,No data,1.08,4.4,No data,8,0.3,0.17,No data,88,0.08,30.70,2402,80378,752,0,691882,0,142,2.4,3.83,1.27,72,100.0,No data,86.10,112.7,1400000,98.6,100.0,32.74,96,86,92,5740.38,8.00,40964,547660
Gabon,GAB,0,0,13231,0,0,0,2605,0,0.00,0.03,1069058,550066,0,344357,1111699,0.62,1782635,1.00,1352018,1401068,1545405,8.90,2.37,90.74,4.10,2.01,No data,51,20,No data,12.85,0.0098,0,0,0.71,0.070,3.00,56.06,96.54,0.57,0.02,39.7,5.4,513,3.0,1.15,228.92,914073,0.54,38.00,0,0,3000,0,280,0,108,23.0,2.32,-0.78,29,91.8,85.46,71.75,134.3,4500,49.8,85.3,6.45,75,No data,No data,502.64,227.00,8820,257670
Gambia,GMB,0,0,7137,0,0,0,263,14031,0.09,0.03,829772,0,877,0,0,0.00,2347296,1.00,345274,1909677,1917963,254.35,3.46,63.85,8.07,0.10,17.84,277,20,38.9,15.38,0.0073,0,0,0.50,0.198,28.84,320.09,247.43,12.33,27.08,47.9,11.6,149,1.7,1.40,80.80,478578,0.61,38.80,16949,17201,0,5626,3883,0,106,19.6,3.82,-0.64,34,63.7,58.06,32.96,101.4,4200,46.9,80.9,0.82,82,67,78,54.69,458.00,840,10120
Georgia,GEO,7802,1719,25750,0,0,0,6804,19886,0.03,0.13,3216152,No data,No data,No data,0,0.00,0,0.00,0,55615,743794,65.13,0.81,60.30,3.42,0.01,91.70,1748,40,7.1,6.78,0.0221,0,0,0.80,0.001,13.39,1106.06,766.74,4.40,16.66,9.5,2.1,64,0.3,0.28,0,16,0.28,34.20,1780,5200,58723,307946,29394,0,134,2.9,3.13,0.65,56,100.0,99.56,76.44,147.8,57000,85.8,97.3,51.08,85,81,82,1107.54,28.00,6628,69490
Germany,DEU,21008,153,627290,0,0,0,176535,0,0.00,0.10,0,No data,No data,No data,0,0.00,0,0.00,0,0,0,238.02,1.19,77.65,4.19,0.00,No data,7610,80,No data,4.71,0.0500,0,0,0.94,No data,-94.05,0.00,0.00,No data,0.47,3.6,0.5,5,0.1,0.06,No data,131,0.07,31.70,1604,2,0,0,2365919,0,146,2.4,3.93,1.33,79,100.0,No data,91.43,127.6,1800000,99.2,100.0,44.35,91,93,82,7517.25,4.00,48432,348570
Ghana,GHA,0,0,34403,1,0,0,4759,0,0.00,0.03,13074550,462491,9563829,214165,32614116,1.00,32614116,1.00,18907688,24078392,26981212,141.43,3.02,58.62,3.83,17.78,41.54,758,40,33.5,12.93,0.1405,0,0,0.63,0.111,29.74,2340.13,1237.34,1.59,6.40,44.0,12.6,136,1.7,0.86,164.37,12500340,0.53,43.50,326,5000,250,0,11048,0,135,4.9,3.63,-0.15,43,86.3,80.38,68.20,123.2,42000,23.7,85.8,1.70,98,83,98,221.33,263.00,2176,227540
Greece,GRC,20605,10043,9212,140,0,0,5178,0,0.03,0.03,7739763,No data,No data,No data,0,0.00,0,0.00,0,4520090,245622,83.00,-0.31,80.36,5.00,0.00,No data,1026,80,No data,4.05,0.0083,0,0,0.89,No data,7.87,0.00,0.00,No data,0.27,3.7,No data,4,0.2,0.14,No data,24,0.12,33.60,12547,55000,19011,0,187388,0,136,2.4,4.08,0.44,52,100.0,97.94,78.49,110.0,170000,99.0,100.0,63.07,99,83,96,2652.95,8.00,20732,128900
Grenada,GRD,204,0,0,0,9323,819,44,0,0.03,No data,No data,No data,No data,No data,0,0.00,0,0.00,45959,92328,71460,363.71,1.14,36.87,No data,3.54,No data,No data,No data,No data,7.94,0.0000,0,0,0.80,No data,0.00,73.90,68.14,6.52,5.53,16.2,No data,3,No data,No data,No data,230,No data,No data,0,0,0,0,0,0,101,15.4,3.13,0.03,52,93.7,98.60,77.77,81.1,790,91.5,95.6,14.36,72,79,No data,810.38,21.00,10016,340
Guatemala,GTM,38151,36166,17283,121,19705,745,2096,162288,0.17,0.00,No data,No data,No data,No data,4947106,0.31,0,0.00,6072736,8815582,7570418,157.32,2.24,52.67,4.81,2.02,76.77,517,60,37.6,10.59,0.2462,0,0,0.63,0.134,483.33,500.67,511.26,0.61,19.06,23.0,14.4,27,0.2,0.09,0.11,4965477,0.48,48.30,24616,3378636,1282058,242386,2220,0,124,13.3,2.80,-0.75,24,97.9,83.35,50.84,125.6,21000,67.9,94.0,12.41,79,72,72,556.08,96.00,5473,107160
Guinea,GIN,0,0,38479,2,0,0,5448,0,0.03,0.00,3360395,1606808,6775731,1074738,0,0.00,12929229,1.00,9082818,11569894,12410743,53.74,3.47,37.67,6.39,11.81,20.48,0,40,49.0,15.29,0.2517,0,0,0.47,0.373,93.32,769.68,590.63,4.24,0.19,98.7,16.3,175,1.5,0.76,330.90,8407131,0.62,29.60,71837,49536,0,0,2252,0,129,12.9,3.00,-0.92,25,46.8,45.33,34.68,101.9,34000,29.8,64.0,2.24,47,No data,No data,110.52,553.00,1532,245720
Guinea-Bissau,GNB,0,0,1537,0,0,0,163,3771,0.06,0.00,312156,0,1281894,0,0,0.00,2022757,1.00,1533596,1783965,1792158,71.69,3.10,45.04,6.81,10.33,18.11,76,40,60.8,14.11,0.0425,0,0,0.48,0.341,18.19,156.19,168.67,10.12,10.90,74.3,16.3,361,3.1,1.56,105.08,1941909,0.63,34.80,0,0,0,0,54,0,94,37.9,1.87,-1.42,21,35.8,52.89,35.15,108.5,3400,18.2,59.0,1.96,67,No data,67,164.56,725.00,776,28120
Guyana,GUY,0,0,14156,0,52,0,6768,17349,0.09,0.06,No data,No data,No data,No data,769099,1.00,769099,1.00,541995,752885,689256,4.05,0.98,27.02,3.50,0.61,77.42,59,100,12.1,9.77,0.0111,0,0,0.71,0.007,15.01,55.29,138.81,1.81,2.61,27.7,9.4,83,1.4,1.02,32.06,685968,0.45,No data,34500,500,0,0,19810,0,142,2.4,No data,-0.24,40,92.9,88.85,84.79,106.4,4200,85.8,95.6,14.24,91,83,99,1070.96,112.00,18990,196850
Haiti,HTI,24572,13420,18195,7,879851,138665,3690,161000,0.14,0.00,No data,No data,No data,No data,0,0.00,11605500,0.92,8728684,9893035,9294006,410.26,2.66,58.82,4.29,18.13,22.37,1840,20,48.9,11.02,0.8486,0,5,0.54,0.200,1252.97,942.27,949.17,4.53,22.38,58.6,9.5,159,1.8,0.58,2.20,4447036,0.63,41.10,716146,16915,225113,170581,0,0,88,45.0,2.33,-2.19,17,47.2,61.69,38.95,63.9,23000,37.1,66.7,2.34,51,41,51,100.56,350.00,1748,27560
Honduras,HND,22105,10022,30199,61,59776,4175,2227,88761,0.29,0.00,No data,No data,No data,No data,5845250,0.59,3851581,0.39,5728095,7123209,6850517,90.46,2.53,59.60,3.87,4.18,84.17,3927,80,No data,10.17,0.1332,0,0,0.62,0.051,682.24,1256.50,617.02,2.38,26.75,16.6,7.1,33,0.2,0.12,0.25,2363251,0.43,48.20,2503,222457,10300,247090,272,0,115,18.7,2.92,-0.78,23,94.1,88.51,48.08,73.6,15000,83.8,95.7,5.00,77,75,77,557.17,72.00,3040,111890
Hungary,HUN,2684,0,120603,0,0,0,0,0,0.06,0.13,8754078,No data,No data,No data,0,0.00,0,0.00,0,0,0,106.84,0.15,72.55,7.32,0.00,No data,1714,80,No data,4.85,0.0062,0,0,0.85,No data,68.68,0.00,0.00,No data,2.01,4.0,No data,4,No data,No data,No data,0,0.22,29.70,0,0,0,0,35527,0,130,2.4,4.43,0.63,42,100.0,99.10,88.64,106.9,160000,98.0,100.0,35.25,99,99,99,2407.71,15.00,18463,90530
Iceland,ISL,544,448,0,0,0,0,2675,0,0.00,0.00,No data,No data,No data,No data,0,0.00,0,0.00,0,0,0,3.63,2.54,93.99,No data,0.00,No data,55,80.0,No data,6.00,0.0009,0,0,0.96,No data,0.01,0.00,0.00,No data,0.69,2.6,No data,3,0.1,0.07,No data,0,0.04,26.10,0,0,0,0,6285,0,129,2.4,No data,1.64,74,100.0,No data,99.69,118.1,24000,98.8,100.0,41.42,92,10,92,5614.52,3.00,72903,100250
India,IND,1742492,248233,16549653,1597,7585552,921459,305070,19696428,0.20,0.03,373423936,No data,No data,No data,1356774528,0.97,1194327936,0.85,460743488,1279762688,1275990912,469.66,2.02,35.87,4.38,14.93,67.79,180821,60,49.0,8.05,0.9499,0,0,0.63,0.069,410.83,1841.27,3129.28,0.10,3.29,30.6,31.5,210,0.2,No data,3.24,677290112,0.49,35.70,3833811,2196260,770163,631104,280220,0,110,16.6,4.27,0.28,40,99.6,74.37,46.31,82.0,730000,71.3,90.5,7.35,85,82,25,190.74,103.00,2389,2973190
Indonesia,IDN,505119,68190,1693144,7308,7642,0,281519,30857,0.09,0.00,42132812,No data,No data,No data,224647520,0.85,196567920,0.74,223300160,233284144,237986464,144.80,1.75,57.93,3.86,6.11,94.11,8118,60,19.4,8.07,0.8275,0,0,0.70,0.014,147.46,1332.32,620.41,0.05,0.76,22.2,17.7,354,0.3,0.16,2.96,79889048,0.44,37.90,1579212,2602975,27222,72040,13602,0,127,5.9,3.67,0.38,34,99.2,96.00,62.10,133.7,180000,86.5,92.4,6.23,67,50,1,414.83,173.00,4788,1811570
Iran,IRN,186583,58342,459448,79,4258,1,107881,1197143,0.06,0.13,63673160,No data,No data,No data,38722884,0.45,25164712,0.30,815952,28413012,9898290,53.80,1.31,76.81,7.00,0.37,No data,14160,80,No data,7.36,0.9702,4,0,0.77,No data,302.58,250.57,303.10,0.08,0.57,12.6,4.3,12,0.1,0.04,0,14729,0.46,40.90,5202387,199655,305371,0,3425159,6,122,6.1,3.23,-0.86,25,100.0,88.74,78.60,154.6,160000,90.3,97.5,15.84,98,98,No data,769.00,22.00,4388,1628550
Iraq,IRQ,43422,328,1696016,0,0,0,6703,200000,0.06,0.26,31507320,No data,No data,No data,0,0.00,0,0.00,2047248,24105092,31451120,98.03,2.52,71.35,6.35,0.00,97.39,4284,40,49.3,12.88,0.9607,5,0,0.69,0.033,2456.47,2455.94,1808.85,0.88,0.24,24.5,3.9,24,No data,No data,0,2170486,0.56,29.50,7010703,5000,0,1168619,331430,370,118,16.3,1.63,-1.29,23,100.0,85.60,48.92,93.6,48000,100.0,98.4,9.66,78,84,0,463.91,76.00,5937,434320
Ireland,IRL,0,0,4773,1,0,0,8122,0,0.00,0.03,0,No data,No data,No data,0,0.00,0,0.00,0,0,0,72.37,1.49,64.18,2.83,0.00,No data,2022,100,8.5,5.97,0.0046,0,0,0.94,No data,7.49,0.00,0.00,No data,0.08,3.1,No data,5,0.3,0.13,No data,1,0.07,29.20,0,0,0,0,96385,0,159,2.4,No data,1.50,77,100.0,No data,95.17,107.8,110000,91.3,97.4,34.90,94,No data,85,7305.18,5.00,104039,68890
Israel,ISR,18563,360,233,2,0,0,478,0,0.03,0.58,22816,No data,No data,No data,0,0.00,0,0.00,2337029,7659192,232004,425.84,2.06,92.76,3.14,0.00,No data,787,100.0,No data,9.79,0.0377,0,0,0.92,No data,1.02,0.00,0.00,No data,0.25,3.4,No data,3,No data,No data,No data,0,0.08,38.60,0,0,0,0,26408,0,158,2.4,No data,1.29,63,100.0,No data,90.30,140.4,46000,99.9,100.0,36.26,98,93,95,3456.98,3.00,54660,21640
Italy,ITA,107483,5436,161592,121,0,0,42700,0,0.14,0.06,0,No data,No data,No data,0,0.00,0,0.00,0,5458767,299113,201.00,0.01,71.66,7.20,0.00,No data,7766,100,No data,3.57,0.0221,0,0,0.89,No data,-7.53,0.00,0.00,No data,0.52,2.6,No data,5,0.2,0.04,No data,100,0.06,35.20,11600,300,46610,0,379158,0,148,2.4,4.03,0.36,56,100.0,99.35,74.86,131.9,710000,99.9,99.9,39.48,94,86,91,4397.48,5.00,34158,294140
Jamaica,JAM,5573,4010,0,0,208821,39507,3780,2616,0.06,0.06,No data,No data,No data,No data,0,0.00,0,0.00,2181691,2508908,2520825,260.43,0.62,57.01,6.24,0.80,No data,62,80,No data,5.85,0.0158,0,0,0.71,0.011,2.00,70.92,58.46,0.41,21.57,12.4,2.5,3,1.3,0.76,No data,96,0.34,No data,0,0,0,0,31,0,114,8.3,3.68,0.41,44,100.0,88.10,82.36,102.7,8300,86.6,91.0,5.27,90,85,No data,645.33,99.00,6047,10830
Japan,JPN,253988,189023,822817,34004,11335594,171652,1614912,0,0.00,0.03,0,No data,No data,No data,0,0.00,0,0.00,8047349,74787264,74893184,346.40,-0.35,91.96,2.33,0.00,No data,14879,100,No data,3.37,0.0174,0,0,0.93,No data,-0.16,0.00,0.00,No data,0.13,2.3,3.4,11,0.1,0.01,No data,3,0.08,32.90,40097,41334,6507,0,30387,0,109,3.2,4.23,1.40,73,100.0,No data,82.91,163.2,1400000,99.9,99.1,24.80,96,95,95,4627.97,4.00,33815,364500
Jordan,JOR,23083,1452,288,0,0,0,28,9429,0.06,0.32,6503,No data,No data,No data,0,0.00,0,0.00,346396,5358581,263069,123.08,1.45,91.83,4.72,0.11,No data,905,40,16.7,10.57,0.0920,0,0,0.72,0.002,2470.26,3282.76,3444.37,7.67,9.79,14.6,2.7,4,0.1,0.01,No data,58,0.47,33.70,0,0,0,0,3108092,0,100,10.5,2.55,0.23,47,99.9,98.42,82.76,65.3,29000,97.1,98.9,26.61,77,90,No data,722.07,41.00,4205,88780
Kazakhstan,KAZ,17047,5769,231175,0,0,0,0,2029,0.03,0.61,8881849,No data,No data,No data,0,0.00,0,0.00,0,1370728,0,6.95,3.51,57.99,3.44,0.00,99.01,50016,80,0.8,10.42,0.0221,4,0,0.81,0.002,4.53,87.53,54.62,0.03,0.22,10.3,2.0,74,0.3,0.35,0,0,0.16,27.80,71000,0,300,115,9717,5,148,2.4,3.47,0.06,36,100.0,99.80,90.92,127.5,160000,97.9,95.4,40.71,95,96,93,1001.70,13.00,11244,2699700
Kenya,KEN,14125,0,65134,7,0,0,1467,1664286,0.37,0.10,21601032,0,0,8968604,0,0.00,40235396,0.81,10840235,23909824,22086360,91.34,3.68,29.00,3.75,8.51,26.76,5370,60,50.8,12.88,0.8831,5,0,0.57,0.171,1797.28,4224.47,3173.87,2.91,3.61,37.2,10.1,251,4.0,1.17,64.52,10649944,0.51,40.80,1652253,6209,58942,30243,590263,0,99,27.8,3.45,-0.33,32,76.5,82.62,28.76,122.8,60000,32.7,61.6,1.56,91,57,92,203.23,530.00,2099,569140
Kiribati,KIR,0,0,0,9,0,0,4953,2400,0.03,No data,No data,No data,No data,No data,0,0.00,0,0.00,0,30198,40612,156.13,3.09,57.06,5.90,29.77,55.58,80,80,No data,12.75,0.0000,0,0,0.62,0.080,3.79,62.97,72.81,18.35,6.72,48.2,6.9,424,No data,No data,No data,125740,No data,27.80,0,0,0,0,0,0,118,12.1,No data,-0.01,No data,92.8,No data,53.63,40.8,750,45.6,78.0,2.04,92,58,99,240.16,76.00,1702,810
Korea DPR,PRK,31102,0,116478,1,1168117,0,27683,888571,0.11,0.00,0,No data,No data,No data,25763126,0.99,0,0.00,0,2994156,0,214.83,0.81,62.92,3.93,0.00,No data,11714,60,No data,6.52,0.0339,0,0,0.556,No data,35.18,132.02,20.03,No data,No data,15.4,9.3,513,No data,No data,0.23,5337343,No data,No data,5000,0,0,0,0,0,83,45.5,No data,-1.56,17,52.6,100.00,0.00,23.1,35000,84.7,93.8,36.83,41,41,No data,No data,107.00,1058,120410
Korea Republic of,KOR,99331,0,287185,71,4255177,22582,75157,0,0.03,0.00,0,No data,No data,No data,40189356,0.75,0,0.00,587,7773410,12756485,531.11,-0.21,81.43,2.34,0.00,No data,4935,100,No data,3.00,0.0125,0,0,0.93,No data,1.50,0.00,0.00,No data,0.47,2.9,0.3,44,No data,No data,0.08,5,0.07,31.40,600,48856,500,0,20018,0,135,2.4,4.40,1.41,63,100.0,98.80,97.57,140.6,100000,99.9,99.9,24.84,98,96,98,4289.06,8.00,32255,97100
Kuwait,KWT,26,0,4733,0,0,0,3842,0,0.00,0.10,6196,No data,No data,No data,0,0.00,0,0.00,0,2354161,2362376,244.69,0.44,100.00,No data,0.00,No data,614,80,No data,5.71,0.0410,0,0,0.83,No data,-39.30,0.00,0.00,No data,0.01,8.7,2.5,20,No data,No data,No data,17,0.31,No data,0,0,0,0,93644,0,141,2.4,No data,-0.04,42,100.0,96.46,99.70,162.8,9300,100.0,100.0,23.42,94,94,96,2922.35,7.00,43233,17820
Kyrgyzstan,KGZ,13899,4523,13887,0,0,0,0,57143,0.03,0.19,5095786,No data,No data,No data,0,0.00,0,0.00,0,5827,0,34.31,2.50,37.46,4.05,0.00,99.85,3877,40,2.4,12.03,0.1518,0,0,0.69,0.001,47.23,517.61,477.34,5.85,27.90,17.4,1.8,130,0.2,0.19,0.00,2169854,0.37,29.00,0,13850,0,4003,1146,0,119,4.8,3.53,-0.73,27,99.7,99.60,77.92,130.4,38000,97.9,91.7,22.13,89,97,90,269.44,50.00,1607,191800
Lao PDR,LAO,4687,28,187345,0,4626,0,0,21429,0.11,0.00,3425614,No data,No data,No data,7174294,1.00,6740261,0.94,5051349,4237595,6592034,31.71,3.15,37.59,4.70,16.49,55.63,5655,40,21.8,10.46,0.0474,0,0,0.61,0.108,73.40,556.22,573.04,3.21,1.27,42.5,21.1,143,0.3,0.19,1.66,2150290,0.48,38.80,26000,42552,0,0,0,0,116,4.7,2.57,-0.62,31,100.0,87.07,62.00,65.0,25000,79.5,85.2,3.54,75,50,74,213.97,126.00,2088,230800
Latvia,LVA,0,0,21648,0,0,0,592,0,0.00,0.13,0,No data,No data,No data,0,0.00,0,0.00,0,0,0,30.54,0.11,68.54,2.26,0.00,No data,917,80,No data,4.79,0.0051,0,0,0.86,No data,0.00,0.00,0.00,No data,3.24,3.7,0.0,16,0.7,0.62,No data,6,0.15,35.70,0,0,200,0,226868,0,136,2.4,No data,0.87,59,100.0,99.89,91.18,115.4,56000,92.4,98.8,34.05,94,85,92,2331.23,18.00,21851,62200
Lebanon,LBN,11006,7482,0,4,0,0,744,0,0.00,0.10,1763,No data,No data,No data,0,0.00,0,0.00,461557,4567173,1071999,553.56,-1.67,89.26,No data,0.00,No data,276,60,No data,7.64,0.0710,0,0,0.71,No data,4996.53,1526.97,1396.92,6.46,27.47,8.2,3.4,10,0.1,0.06,No data,0,0.43,31.80,0,803,1024200,0,1314138,0,144,10.5,3.12,-1.29,24,100.0,95.30,86.59,76.7,11000,99.2,92.6,22.07,67,59,70,1059.52,21.00,4136,10230
Lesotho,LSO,0,0,984,0,0,0,0,112572,0.20,0.13,466778,0,0,0,0,0.00,0,0.00,0,0,0,74.25,2.62,29.94,3.73,21.99,5.51,878,80,25.6,11.91,0.0184,0,0,0.51,0.084,45.21,179.91,178.90,6.23,22.54,72.9,10.5,614,20.9,8.10,No data,387421,0.56,44.90,2550,0,0,0,539,0,85,46.0,1.63,-0.91,37,50.4,81.02,47.98,79.8,5500,50.3,72.2,4.73,87,82,87,298.78,566.00,1107,30360
Liberia,LBR,0,0,84093,1,0,0,1552,0,0.00,0.03,1425895,656102,3178375,208122,0,0.00,5093768,1.00,3313519,2683380,4072738,52.82,3.01,53.06,4.58,37.68,1.19,No data,40,63.9,14.17,0.0234,0,0,0.48,0.259,23.51,693.11,603.54,18.18,8.78,76.0,10.9,308,1.1,0.45,356.69,3272582,0.65,35.30,0,5528,0,0,1441,0,95,38.4,No data,-1.38,26,29.8,48.30,33.63,31.8,8700,18.2,75.3,0.51,66,35,65,131.55,652.00,755,96320
Libya,LBY,1423,0,498,19,0,0,5720,0,0.00,0.55,0,0,0,0,0,0.00,0,0.00,1197100,4612850,477494,3.78,1.52,81.30,No data,0.75,No data,1410,60,No data,8.89,0.6281,0,0,0.72,0.007,741.15,313.49,341.85,0.88,0.0,10.8,11.7,59,0.2,0.10,No data,1096,0.26,No data,0,0,0,134787,44717,0,136,8.4,No data,-1.72,17,70.2,No data,21.76,43.4,62000,92.1,99.9,20.91,73,72,73,No data,72.00,6716,1759540
Liechtenstein,LIE,83,0,161,0,0,0,0,0,0.00,0.00,0,No data,No data,No data,0,0.00,0,0.00,0,0,0,242.23,1.20,14.54,2.26,0.00,No data,8,80,No data,4.73,0.0000,0,0,0.94,No data,0.00,0.00,0.00,No data,No data,0.0,No data,No data,No data,No data,No data,No data,No data,No data,0,0,0,0,530,0,144,2.4,No data,1.51,No data,100.0,No data,95.57,126.1,1100,99.9,100.0,No data,No data,No data,No data,No data,No data,184083,160
Lithuania,LTU,0,0,17180,0,0,0,531,0,0.09,0.13,0,No data,No data,No data,0,0.00,0,0.00,0,0,0,44.63,1.46,68.46,4.70,0.00,No data,2460,100,No data,4.95,0.0078,0,0,0.88,No data,3.32,0.00,0.00,No data,1.05,3.3,2.6,26,0.2,0.16,No data,16,0.10,36.00,0,0,0,0,70556,0,137,2.4,No data,1.06,62,100.0,99.83,86.93,133.7,88000,93.9,98.0,46.27,90,88,82,3411.87,9.00,24827,62674
Luxembourg,LUX,15,0,778,0,0,0,0,0,0.00,0.06,0,No data,No data,No data,0,0.00,0,0.00,0,0,0,244.87,1.89,91.88,4.82,0.00,No data,199,100,No data,5.18,0.0031,0,0,0.93,No data,0.00,0.00,0.00,No data,2.68,2.7,No data,6,0.2,0.12,No data,0,0.04,33.40,0,0,0,0,14763,0,133,2.4,No data,1.72,77,100.0,No data,98.66,137.1,14000,97.6,99.9,30.07,99,90,96,7367.01,6.00,126426,2590
Madagascar,MDG,3,0,98085,103,704619,22388,27938,189008,0.26,0.03,13550824,25575,0,562213,27818158,1.00,27149982,0.97,5852122,16726535,14084973,48.51,4.09,39.88,4.50,42.38,26.57,2062,40,67.4,14.23,0.2659,0,0,0.50,0.386,843.83,1373.23,1065.82,7.35,4.80,66.0,22.6,233,0.4,0.60,169.85,21634840,0.56,42.60,2400,490384,389870,2807,233,0,82,51.0,3.13,-1.00,26,35.1,77.25,19.73,56.3,46000,12.3,53.4,1.99,55,24,54,58.77,392.00,505,581540
Malawi,MWI,39177,0,27065,0,0,0,0,843647,0.23,0.10,3480539,26584,0,153456,19074272,1.00,19074180,1.00,2722814,14903104,7943804,205.53,4.16,17.98,4.28,4.46,8.26,956,20,49.8,15.13,0.0287,0,0,0.51,0.231,205.14,1551.55,1171.57,9.38,2.03,41.9,12.8,132,7.7,1.93,219.17,13100699,0.55,38.50,55551,3768766,2267458,0,56425,0,121,17.8,3.42,-0.77,34,14.2,67.31,24.41,60.0,18000,26.6,70.0,0.50,93,74,93,82.43,381.00,645,94280
Malaysia,MYS,3955,0,182741,45,6,0,31189,63000,0.06,0.03,39,No data,No data,No data,31538822,1.00,31524638,1.00,26386916,27588602,29179214,101.05,1.74,78.21,No data,0.28,No data,3030,80,No data,7.54,0.0306,0,0,0.80,No data,38.66,2.97,12.64,0.00,0.40,7.6,14.1,97,0.3,0.28,0,26507,0.23,41.20,164641,87612,46630,0,297156,0,122,2.7,3.95,0.99,47,100.0,94.97,96.75,140.6,69000,99.6,97.1,22.85,95,84,No data,1122.76,21.00,11972,328550
Maldives,MDV,0,0,0,185,0,0,0,0,0.00,No data,No data,No data,No data,No data,0,0.00,0,0.00,0,15680,0,1714.79,1.50,41.54,5.40,0.00,95.83,4,80,34.8,7.12,0.0026,0,0,0.75,0.003,1.98,324.87,111.48,2.28,0.08,6.0,14.8,38,No data,No data,No data,24589,0.35,29.30,1320,0,0,0,0,0,111,15.9,2.68,0.39,40,100.0,97.86,85.76,135.4,680,99.2,99.5,20.53,96,96,No data,1602.88,57.00,11818,300
Mali,MLI,0,0,323660,0,0,0,0,398936,0.23,0.10,9409477,0,1611608,0,22697808,0.98,22697808,0.98,3392164,17448166,15553430,17.39,4.78,45.44,5.81,4.94,17.03,1468,80,41.9,18.15,0.9152,0,5,0.43,0.376,1697.98,1673.18,1434.29,7.69,5.81,97.1,18.5,50,0.8,0.42,353.56,10144929,0.61,36.10,0,1814765,0,379932,61517,645,126,12.8,3.05,-1.22,28,53.4,30.76,34.49,111.1,110000,45.4,82.5,1.29,77,33,77,96.52,440.00,833,1220190
Malta,MLT,0,0,0,6,0,0,21,0,0.00,0.10,0,No data,No data,No data,0,0.00,0,0.00,0,330863,8986,1610.41,1.01,94.88,5.52,0.00,No data,41,80,No data,4.43,0.0026,0,0,0.92,No data,1.00,0.00,0.00,No data,1.27,5.8,No data,12,No data,No data,No data,0,0.17,31.40,0,0,0,0,13168,0,113,4.6,No data,0.89,51,100.0,94.94,87.47,123.4,2700,100.0,100.0,28.60,99,93,99,4694.66,3.00,33941,320
Marshall Islands,MHL,0,0,0,2,324,24,3284,910,0.09,No data,No data,No data,No data,No data,0,0.00,0,0.00,0,1080,1707,241.18,-0.69,78.52,No data,9.75,85.07,1,40,No data,10.09,0.0000,0,0,0.64,No data,39.87,191.76,107.12,36.47,10.73,29.7,11.9,483,No data,No data,No data,19594,No data,35.50,0,4480,0,0,0,0,28,12.1,2.08,-1.49,No data,99.8,98.27,38.70,38.0,260,84.2,88.6,4.23,86,58,61,634.63,No data,6728,180
Mauritania,MRT,124,0,32792,0,0,0,1897,247808,0.23,0.13,2065730,0,0,0,3698296,0.89,3632915,0.87,932238,3786942,2142636,4.36,3.99,56.92,5.77,30.67,52.73,164,20,56.0,14.94,0.0261,0,0,0.56,0.327,399.90,684.72,427.34,4.31,1.62,40.5,22.4,81,0.3,0.20,18.42,931435,0.63,32.60,0,28926,0,0,106370,0,132,8.7,3.07,-0.73,30,47.7,66.96,58.76,141.1,15000,49.8,71.7,1.87,68,No data,65,186.95,464.00,2191,1030700
Mauritius,MUS,0,0,0,3,122330,5141,0,0,0.03,0.03,0,No data,No data,No data,0,0.00,0,0.00,975378,1207956,1103519,623.65,-0.22,40.81,3.48,0.13,No data,112,80,No data,5.09,0.0070,0,0,0.80,No data,7.16,351.66,292.84,2.52,2.12,16.6,No data,12,1.4,0.92,No data,0,0.35,36.80,0,139,2500,0,0,0,125,6.8,3.70,0.85,50,99.6,92.15,67.58,151.8,2800,95.5,99.9,27.13,92,64,94,1333.52,84.00,10216,2030
Mexico,MEX,188677,35108,845765,91,972453,57066,46785,73286,0.17,0.00,No data,No data,No data,No data,123808944,0.98,0,0.00,33279522,65401296,49008316,64.82,0.98,81.30,7.49,0.10,89.84,9773,80,17.6,7.58,0.9787,0,4,0.76,0.016,384.81,828.07,561.30,0.05,4.32,13.2,4.2,25,0.4,0.23,0.09,19825656,0.31,45.40,37345,55041,0,385882,359228,0,137,2.4,2.97,-0.31,31,100.0,95.25,75.63,99.3,360000,92.4,99.7,24.25,78,97,83,1192.60,59.00,11091,1943950
Micronesia,FSM,0,0,0,2,1176,36,68,3680,0.06,No data,0,No data,No data,No data,0,0.00,0,0.00,2054,7490,39773,160.15,1.55,23.22,No data,9.50,No data,8,40,No data,9.96,0.0000,0,0,0.63,No data,21.82,179.82,130.76,29.38,0.00,24.9,No data,80,No data,No data,No data,70736,No data,40.10,0,0,0,0,0,0,28,12.1,2.60,0.12,No data,83.6,No data,40.41,19.4,380,88.3,88.3,9.39,72,38,70,371.04,74.00,3741,700
Moldova Republic of,MDA,6702,0,7779,0,0,0,0,6177,0.09,0.16,3426132,No data,No data,No data,0,0.00,0,0.00,0,0,0,91.75,-0.47,43.17,2.89,0.13,86.98,1670,80,No data,6.39,0.0074,0,0,0.77,0.004,260.71,557.28,595.36,4.27,14.13,14.2,2.2,84,0.8,0.59,No data,0,0.20,25.70,0,0,0,0,112301,0,137,2.4,2.53,-0.40,39,100.0,99.60,61.29,127.4,42000,78.7,90.6,31.03,87,92,78,876.82,12.00,5563,32854
Mongolia,MNG,1563,26,36147,0,0,0,0,12857,0.03,0.29,4,No data,No data,No data,0,0.00,0,0.00,0,0,0,2.12,1.71,68.93,3.63,8.42,86.36,2577,80,17.9,10.91,0.0109,0,0,0.74,0.028,32.47,721.02,279.89,2.15,2.37,14.7,1.8,428,0.1,0.02,No data,0,0.31,32.70,14480,33931,293838,0,27,0,115,8.0,2.95,-0.47,33,100.0,99.18,84.33,140.0,65000,67.7,85.5,38.52,95,94,95,608.51,39.00,4947,1553560
Montenegro,MNE,1296,0,246,9,0,0,185,0,0.00,0.10,462,No data,No data,No data,0,0.00,0,0.00,0,155956,214630,46.19,0.00,68.16,3.29,0.04,99.24,273,60,8.8,5.75,0.0056,0,0,0.83,0.005,1.49,217.75,131.71,2.20,13.62,2.3,3.7,16,0.1,0.06,No data,0,0.12,36.80,0,0,0,0,33108,0,148,2.4,3.40,0.01,45,99.8,98.98,82.22,178.4,11000,97.8,98.9,27.40,83,79,No data,2255.31,6.00,9894,13450
Morocco,MAR,40798,0,50351,20,0,0,9332,7857,0.03,0.35,0,0,0,0,0,0.00,0,0.00,1059463,19912466,1080891,82.21,1.85,64.60,4.58,1.73,No data,1152,80,10.9,8.68,0.2641,0,0,0.68,0.027,17.27,1942.17,964.14,0.68,8.32,18.0,2.8,94,0.1,0.04,0,3209,0.43,39.50,1385,0,0,0,18066,0,142,6.3,2.75,-0.07,38,100.0,75.93,88.13,137.5,130000,87.3,90.4,7.31,99,99,98,451.53,72.00,3528,446300
Mozambique,MOZ,20711,0,101958,10,78196,0,15235,387493,0.34,0.06,5801465,91489,0,313047,30011188,1.00,30010076,1.00,10804923,26525850,22160912,39.65,4.22,38.19,4.52,20.74,No data,5989,80,55.0,16.28,0.9276,0,4,0.45,0.372,1586.09,2719.76,2281.53,14.60,1.70,69.6,14.8,361,11.5,6.49,320.60,23902902,0.54,54.00,2056082,1023763,976091,1029857,30911,0,96,30.5,4.15,-0.77,26,31.5,63.42,17.37,42.7,41000,37.2,63.4,0.85,61,70,70,99.10,127.00,541,786380
Myanmar,MMR,103035,13618,1114510,927,209683,24874,158456,0,0.00,0.03,16570518,No data,No data,No data,55013488,1.00,54997656,1.00,26289864,50957848,50588092,81.85,1.73,31.77,4.22,7.00,74.51,18048,60,58.3,8.25,0.9805,5,0,0.58,0.176,1739.54,2957.93,1504.89,2.35,3.20,41.8,19.5,360,0.8,0.32,9.15,24075084,0.50,30.70,125000,0,913688,1497518,630000,0,122,3.8,2.15,-1.41,23,72.5,89.07,44.02,126.3,47000,73.6,83.7,7.37,37,42,40,243.45,179.00,1096,653290
Namibia,NAM,0,0,9458,0,0,0,78,77120,0.23,0.35,1156628,0,0,0,2187319,0.90,1496465,0.62,6332,2013122,393628,3.02,3.22,53.96,4.24,47.16,44.60,218,60,No data,12.98,0.0150,0,0,0.62,0.185,13.50,191.20,181.68,1.50,0.43,39.0,13.2,457,11.8,5.16,10.62,387147,0.44,59.10,401,2190,2190,0,7197,0,113,17.1,3.30,0.06,49,55.2,92.25,52.97,115.2,58000,35.3,84.3,5.90,93,63,78,844.40,215.00,4911,823290
Nauru,NRU,0,0,0,0,0,0,0,0,0.00,No data,No data,No data,No data,No data,0,0.00,0,0.00,3908,7629,0,615.75,1.25,100.00,No data,2.59,No data,No data,No data,No data,13.38,0.0000,0,0,0.79,No data,0.00,31.20,33.76,14.44,4.99,27.6,No data,193,No data,No data,No data,12300,No data,32.40,0,0,0,0,72,0,28,12.1,1.77,-0.38,No data,100.0,No data,83.94,79.9,46,65.6,100.0,13.46,98,97,59,1509.96,No data,11914,21
Nepal,NPL,64552,64503,178974,0,0,0,0,14371,0.06,0.06,15991913,No data,No data,No data,17829428,0.58,12859547,0.42,9075250,20011314,25465798,204.73,3.78,21.45,4.25,9.78,62.14,12536,40,40.3,9.71,0.0782,0,0,0.60,0.074,121.86,1869.02,1596.98,4.22,22.76,27.2,18.7,229,0.1,0.04,0.01,13163981,0.45,32.80,3941,67113,2106,0,20166,0,130,5.4,2.85,-0.87,34,89.9,71.15,51.63,127.2,22000,76.6,90.1,8.52,91,87,84,205.88,174.00,1337,143350
Netherlands,NLD,3531,0,455457,0,0,0,1363842,0,0.00,0.03,0,No data,No data,No data,0,0.00,0,0.00,0,0,0,518.01,1.30,92.89,2.23,0.00,No data,1463,80,No data,4.97,0.0089,0,0,0.94,No data,18.50,0.00,0.00,No data,0.24,4.1,1.0,4,0.1,0.02,No data,4,0.03,26.00,4,0,0,0,254703,0,136,2.4,4.32,1.77,80,100.0,No data,92.05,125.1,210000,97.7,100.0,40.79,94,89,93,7285.77,4.00,55985,33730
New Zealand,NZL,8303,2181,5340,16,11811,0,2084,0,0.06,0.10,No data,No data,No data,No data,0,0.00,0,0.00,0,0,104690,19.33,0.36,86.88,2.60,0.00,No data,493,80,No data,6.04,0.0040,0,0,0.94,No data,4.21,0.00,0.00,No data,0.27,4.7,No data,7,0.1,0.05,No data,5,0.09,No data,1880,690,16203,0,2364,0,124,2.4,3.95,1.35,87,100.0,No data,95.91,114.0,110000,100.0,100.0,36.18,90,82,95,4510.84,7.00,48249,263310
Nicaragua,NIC,14696,8851,16988,111,35627,1376,2283,37514,0.17,0.03,No data,No data,No data,No data,3626050,0.55,2918587,0.44,5123408,4704842,5551754,56.14,1.89,59.56,4.92,6.79,No data,188,80,No data,10.00,0.0330,0,0,0.67,0.074,94.33,488.96,753.96,5.69,20.59,13.3,4.6,45,0.3,0.14,9.85,1335721,0.42,46.20,0,5112,0,77,436,0,116,17.8,3.13,-0.85,19,86.3,82.61,57.15,97.1,18000,73.0,81.7,16.65,87,83,87,471.24,78.00,2255,120340
Niger,NER,0,0,136894,0,0,0,0,912642,0.31,0.00,14796167,0,118170,0,0,0.00,23723008,0.98,1710509,19590642,16824850,19.21,4.56,16.89,5.92,68.11,23.49,0,20,No data,19.63,0.9037,0,0,0.40,0.601,2290.24,2052.87,1806.73,11.69,3.82,115.2,34.6,79,0.2,0.06,323.39,11426103,0.61,37.30,111341,4722185,5680,371707,302012,0,121,16.1,2.90,-0.61,32,18.6,37.34,22.39,56.4,49000,14.8,46.9,0.34,82,66,82,79.44,441.00,533,1266700
Nigeria,NGA,0,0,1496203,0,0,0,68686,546011,0.03,0.00,77339376,4496118,57682540,3524149,222057344,1.00,222057344,1.00,108027600,176216208,181160272,228.74,3.84,53.52,4.66,18.66,33.20,373,40,49.0,16.19,0.9899,0,5,0.54,0.175,3873.67,3582.24,3525.39,0.79,4.22,110.8,18.4,219,1.3,0.44,306.46,139910336,0.68,35.10,187419,21919398,2455,3645757,92898,19693,115,15.9,3.90,-1.00,24,59.5,62.02,55.36,91.4,98000,42.7,77.6,3.81,56,36,52,173.49,1047.00,2184,910770
North Macedonia,MKD,4407,377,4320,0,0,0,0,286,0.03,0.10,1846768,No data,No data,No data,0,0.00,0,0.00,0,0,0,82.18,0.20,59.12,3.45,0.13,99.67,502,60,No data,4.91,0.0079,0,0,0.77,0.001,4.10,301.62,336.84,2.55,3.36,5.3,0.9,11,No data,No data,No data,0,0.13,33.50,80000,0,0,108,1107,0,123,3.6,3.48,-0.08,40,100.0,97.80,83.02,92.3,14000,98.3,97.7,28.74,81,80,53,1295.01,3.00,6591,25220
Norway,NOR,141,0,29380,0,0,0,15460,0,0.00,0.03,0,No data,No data,No data,0,0.00,0,0.00,0,0,0,14.77,1.31,83.66,2.22,0.00,No data,2246,100,No data,5.07,0.0040,0,0,0.96,No data,-16.98,0.00,0.00,No data,0.11,2.2,No data,3,0.1,0.02,No data,5,0.02,27.70,0,0,0,0,82604,0,139,2.4,4.08,1.84,84,100.0,No data,99.00,107.8,140000,98.1,100.0,50.47,97,95,96,6921.88,2.00,106149,304250
Oman,OMN,0,0,1523,434,17555,864,5928,0,0.00,0.06,2065650,No data,No data,No data,1673979,0.36,1673979,0.36,343381,3338269,3094137,14.68,2.04,87.75,8.02,0.00,97.40,524,80,No data,9.47,0.0091,0,0,0.82,No data,13.57,0.00,0.00,No data,0.03,10.1,11.2,6,0.1,0.10,0,259,0.30,No data,90,0,0,0,716,0,135,2.8,No data,-0.12,44,100.0,95.65,96.38,135.1,42000,99.3,92.2,17.74,99,99,99,1814.57,17.00,25057,309500
Pakistan,PAK,506506,79833,5604514,204,954431,60006,12253,196597,0.06,0.03,146740128,No data,No data,No data,223384656,0.97,222947920,0.97,42291048,149161072,162766704,294.72,2.67,37.73,6.80,7.30,80.06,25314,40,56.0,12.64,0.9674,0,0,0.54,0.198,2285.28,2756.47,2914.98,0.78,7.93,63.3,23.1,264,0.2,0.20,2.22,25234450,0.53,29.60,67213,33016868,18625,21162,1782117,5,112,18.5,3.38,-0.40,27,94.9,58.00,21.04,81.6,100000,68.4,90.1,11.18,83,79,83,158.06,154.00,1597,770880
Palau,PLW,0,0,0,0,145,0,58,406,0.03,No data,0,No data,No data,No data,0,0.00,0,0.00,0,13555,4856,39.07,0.75,81.96,No data,0.00,No data,10,60,No data,7.40,0.0000,0,0,0.77,No data,1.44,67.53,50.51,22.67,1.17,16.2,No data,51,No data,No data,No data,0,No data,No data,7288,0,0,0,0,0,28,12.1,2.63,-0.28,No data,100.0,96.59,No data,133.2,280,99.6,99.7,17.68,95,84,77,3025.28,No data,12084,460
Palestine,PSE,7293,237,23,0,0,0,0,0,0.00,No data,0,No data,No data,No data,0,0.00,0,0.00,59549,4453597,1218801,797.89,2.80,77.29,5.06,0.14,92.06,368,No data,19.5,13.55,0.3323,0,0,0.71,0.002,2750.97,2182.79,2156.14,9.93,21.19,14.8,2.1,1,No data,No data,No data,No data,No data,33.70,0,3500,0,11796,2454258,0,128,10.5,2.70,-0.74,No data,100.0,97.51,74.60,77.6,17000,98.6,97.9,No data,95,99,95,No data,20.00,3789,6020
Panama,PAN,9302,4625,212,277,26,0,7011,0,0.09,0.00,No data,No data,No data,No data,529705,0.13,350640,0.08,3131023,2920889,3771351,57.89,1.84,69.14,3.64,4.19,No data,715,80,No data,8.68,0.0125,0,0,0.81,No data,101.73,152.87,90.52,0.14,0.78,13.9,2.9,42,1.0,0.78,1.09,62635,0.39,50.90,30190,150,0,0,157747,0,132,5.3,3.30,0.16,36,95.3,95.74,67.51,138.0,12000,84.6,94.4,16.32,74,97,74,2600.24,50.00,17358,74340
Papua New Guinea,PNG,20807,20297,16428,122,8203,113,16636,86286,0.06,0.00,2703563,No data,No data,No data,8678011,0.88,7528537,0.76,2727962,2084524,5926082,21.53,2.86,13.58,No data,16.13,29.77,90,No data,No data,11.97,0.6458,0,4,0.56,0.263,33.09,1143.99,1183.93,4.69,0.01,42.8,27.8,424,0.9,0.64,124.34,7021695,0.73,41.90,0,1969,16274,90634,13827,0,99,23.4,2.33,-0.89,30,20.9,61.60,32.05,48.4,14000,19.2,45.3,0.66,31,20,32,99.39,192.00,3020,452860
Paraguay,PRY,0,0,26207,0,0,0,0,50797,0.20,0.03,No data,No data,No data,No data,0,0.00,0,0.00,5396645,6580166,5730372,16.66,1.66,62.82,3.87,0.34,80.15,1149,80,15.1,10.04,0.0373,0,0,0.72,0.019,3.27,321.29,175.04,0.45,1.42,18.2,1.3,48,0.3,0.20,0.00,2085302,0.44,42.90,6000,0,39000,0,7624,0,130,4.2,3.52,-0.62,28,100.0,94.54,77.02,119.0,74000,92.7,99.6,10.51,70,67,62,1060.01,71.00,6153,397300
Peru,PER,70207,61303,151677,1479,0,0,1988,94900,0.14,0.03,No data,No data,No data,No data,8629660,0.25,24527248,0.72,6365488,15327273,18522270,26.02,1.25,78.71,3.46,4.40,No data,764,80,No data,8.60,0.3603,0,0,0.76,0.026,507.11,523.67,303.65,0.15,1.53,14.1,2.1,130,0.4,0.29,1.76,384895,0.38,40.20,48537,4215,695794,72590,1513821,0,122,7.0,3.55,-0.26,36,95.6,94.50,71.11,127.9,84000,78.6,93.1,13.69,82,60,75,753.30,69.00,7126,1280000
Philippines,PHL,231898,196659,330118,3466,8811903,1691306,447440,87199,0.17,0.00,15865392,No data,No data,No data,3490868,0.03,6722889,0.06,80286104,84787656,85455280,376.27,2.08,47.98,4.23,3.79,81.71,6651,80,36.6,10.39,0.8850,0,4,0.70,0.024,279.88,1484.07,1629.22,0.40,2.24,25.7,19.0,650,0.2,0.36,0.16,47533800,0.42,40.70,12471679,7921618,4820906,101706,1903,0,127,5.2,3.62,0.07,33,97.5,96.28,52.68,143.4,150000,82.3,94.1,7.73,57,55,51,418.97,78.00,3499,298170
Poland,POL,408,0,100394,0,0,0,17523,0,0.03,0.10,3853,No data,No data,No data,0,0.00,0,0.00,0,0,0,123.80,-0.39,60.13,5.63,0.00,No data,1493,40.0,No data,4.93,0.0195,0,0,0.88,No data,683.62,0.00,0.00,No data,0.93,4.3,0.8,10,No data,No data,No data,23,0.11,28.80,2015,1512,0,0,975595,0,140,2.4,3.28,0.29,55,100.0,99.80,85.37,132.1,610000,100.0,100.0,23.79,90,95,62,2528.51,2.00,18321,304150
Portugal,PRT,9656,0,9074,8,0,0,3522,0,0.09,0.13,0,No data,No data,No data,0,0.00,0,0.00,0,1089712,293586,112.41,1.31,67.38,7.85,0.00,No data,2984,80,No data,4.14,0.0080,0,0,0.87,No data,0.00,0.00,0.00,No data,1.86,3.1,0.9,16,0.5,0.14,No data,5,0.07,34.70,0,187,0,0,60769,0,142,2.4,3.95,0.99,62,100.0,96.78,82.31,120.9,160000,99.6,99.9,54.84,99,95,98,4076.18,12.00,24275,91470
Qatar,QAT,0,0,0,0,0,0,671,0,0.00,0.26,0,No data,No data,No data,0,0.00,0,0.00,0,1029336,738488,240.24,0.30,99.32,4.67,0.00,No data,410,80,No data,5.19,0.0079,0,0,0.86,No data,-125.62,0.00,0.00,No data,0.43,5.3,No data,42,0.2,0.13,No data,23,0.22,No data,0,0,0,0,1537,0,128,2.4,3.13,1.11,58,100.0,93.46,100.00,144.2,11000,100.0,99.6,24.85,98,99,98,3927.95,8.00,88046,11610
Romania,ROU,36869,0,76895,0,0,0,1068,0,0.03,0.10,16072408,No data,No data,No data,0,0.00,0,0.00,0,0,0,83.73,-0.56,54.49,8.22,0.00,No data,6653,80,No data,5.26,0.0158,0,0,0.82,No data,279.10,0.00,0.00,No data,2.87,6.4,No data,45,0.2,0.08,No data,0,0.28,34.60,100,0,0,0,107093,0,148,2.4,3.50,-0.28,46,100.0,98.90,83.59,118.6,200000,87.1,100.0,29.81,86,75,85,2012.38,10.00,15892,230160
Russian Federation,RUS,21484,1157,1333639,26,37494,0,21254,28571,0.14,0.16,15548011,No data,No data,No data,0,0.00,0,0.00,0,0,152857,8.80,0.33,75.13,5.16,0.00,No data,72578,100,No data,5.19,0.7569,0,0,0.82,No data,2.48,0.00,0.00,No data,0.15,5.1,No data,47,No data,No data,No data,0,0.20,36.00,31761,3252,15000,7528,1373933,0,138,2.4,No data,-0.18,28,100.0,99.70,88.21,169.0,1900000,89.4,97.0,38.19,97,96,89,2278.23,14.00,15345,16376870
Rwanda,RWA,16295,0,4543,0,0,0,0,58187,0.11,0.10,3559247,50112,0,1869817,0,0.00,10494597,0.82,7061341,5383535,1408190,532.89,3.18,17.72,4.28,1.97,4.65,3745,40,38.3,13.89,0.3083,0,0,0.53,0.231,195.27,1721.99,1326.82,12.14,3.56,39.4,7.7,56,2.3,0.52,126.32,6184262,0.39,43.70,19865,1300,51982,0,130731,2547,101,31.6,3.80,0.26,51,48.7,75.90,30.46,81.0,8100,68.8,60.4,1.18,88,85,88,159.56,259.00,966,24670
Saint Kitts and Nevis,KNA,83,0,0,0,4734,959,0,0,0.00,0.10,No data,No data,No data,No data,0,0.00,0,0.00,11240,23494,32472,183.24,0.38,30.99,No data,1.32,No data,No data,80,No data,6.19,0.0000,0,0,0.78,No data,0.00,0.00,0.00,No data,3.43,14.6,No data,0,No data,No data,No data,0,No data,No data,0,0,0,0,0,0,101,15.4,3.40,0.42,No data,100.0,No data,79.47,119.1,430,95.0,98.6,27.67,96,94,No data,1537.36,No data,20177,260
Saint Lucia,LCA,331,0,0,0,17868,2527,59,0,0.03,0.10,No data,No data,No data,No data,0,0.00,0,0.00,158035,172948,156667,293.83,0.69,19.05,2.89,6.20,87.33,9,80,No data,5.76,0.0000,0,0,0.71,0.007,0.02,104.36,99.95,5.99,2.67,24.8,2.8,2,No data,No data,No data,48,0.38,51.20,0,5500,0,0,0,0,101,15.4,2.92,-0.09,55,100.0,No data,78.10,95.6,690,83.4,96.9,6.41,80,66,No data,877.32,73.00,11481,610
Saint Vincent and the Grenadines,VCT,202,0,0,0,10248,1458,21,0,0.03,No data,No data,No data,No data,No data,0,0.00,0,0.00,44579,97011,67852,268.29,0.42,53.88,No data,3.36,No data,33,80.0,No data,6.58,0.0000,0,0,0.75,No data,22.19,81.00,126.32,14.78,7.33,13.7,No data,9,No data,No data,No data,654,0.39,No data,13429,0,150,0,0,0,130,3.1,No data,0.31,60,100.0,No data,84.91,94.2,410,87.2,95.1,9.41,97,99,No data,701.08,62.00,9125,390
Samoa,WSM,414,0,0,1,16666,1484,0,0,0.03,No data,No data,No data,No data,No data,0,0.00,0,0.00,24406,26429,125734,77.31,0.93,17.62,6.60,0.15,78.80,10,No data,No data,13.14,0.0000,0,0,0.71,0.025,0.10,179.88,83.20,10.04,33.63,16.7,3.4,7,No data,No data,No data,191219,0.42,38.70,0,0,0,0,0,0,132,4.6,3.15,0.44,No data,98.3,99.10,78.25,31.5,1600,96.8,91.8,6.00,85,50,3,332.74,59.00,3743,2830
Sao Tome and Principe,STP,0,0,0,0,0,0,45,0,0.00,0.23,41318,0,0,27564,0,0.00,207975,1.00,67527,60720,170698,227.75,2.80,75.75,4.06,42.63,55.44,64,40,52.6,13.41,0.0000,0,0,0.62,0.048,0.15,97.51,71.31,13.11,1.91,15.4,5.4,114,0.5,0.06,12.19,98337,0.49,40.70,219668,1187,0,0,0,0,108,13.1,No data,-0.73,45,78.5,93.80,51.20,84.8,640,47.6,78.2,4.88,97,69,97,208.20,146.00,2404,960
Saudi Arabia,SAU,2303,25,39340,0,0,0,7077,0,0.00,0.29,19351918,No data,No data,No data,0,0.00,6430841,0.18,5286783,18991148,10303863,16.75,1.53,84.73,No data,0.00,No data,2925,80,No data,8.73,0.1905,4,0,0.88,No data,-5.81,0.00,0.00,No data,0.03,6.7,3.5,8,0.1,0.07,0.00,625,0.25,No data,0,0,0,0,74395,0,134,3.8,No data,0.50,51,100.0,97.59,100.00,126.4,130000,100.0,100.0,27.38,97,97,97,2789.56,16.00,30436,2149690
Senegal,SEN,0,0,83926,8,0,0,10821,59820,0.11,0.10,6316966,0,183645,0,0,0.00,15389078,1.00,3363938,14088499,13859725,85.37,3.57,49.09,8.66,11.25,22.01,833,80,31.6,15.08,0.1083,0,0,0.51,0.263,62.68,1708.50,1388.63,5.14,9.79,38.6,14.4,113,0.3,0.15,59.00,5764573,0.53,38.10,0,20010,0,8406,12062,0,124,5.7,3.12,0.06,43,68.0,56.30,58.05,117.7,23000,56.8,84.9,0.88,85,75,86,182.73,261.00,1599,192530
Serbia,SRB,12736,0,121392,0,0,0,0,0,0.00,0.13,4783543,No data,No data,No data,0,0.00,0,0.00,0,0,0,78.88,-0.70,56.87,2.85,0.03,No data,2960,80,No data,4.73,0.0127,0,0,0.80,0.000,17.68,515.40,531.79,0.88,8.82,5.5,1.0,15,0.1,0.05,No data,0,0.13,35.00,22,0,15662,194662,29210,21,140,2.4,3.03,0.05,36,100.0,99.48,81.17,123.7,66000,97.9,95.3,31.25,92,84,87,1660.57,10.00,9394,87460
Seychelles,SYC,0,0,0,8,0,0,0,0,0.00,No data,0,0,0,0,0,0.00,0,0.00,26106,54213,33564,214.05,1.53,58.40,3.78,0.00,No data,10,80,No data,7.81,0.0000,0,0,0.79,0.003,0.00,0.00,0.00,No data,0.59,13.9,3.8,12,No data,No data,No data,1,No data,32.10,0,0,0,0,0,0,120,4.3,3.28,0.94,70,100.0,96.20,81.59,172.7,380,100.0,96.9,22.52,94,86,95,1741.69,3.00,15875,460
Sierra Leone,SLE,0,0,36242,2,0,0,3664,0,0.00,0.03,1420811,589279,4259908,65846,8558327,1.00,8558327,1.00,5103757,4838602,6218486,114.08,3.23,43.83,5.29,16.39,21.10,240,20,50.6,13.93,0.0202,0,0,0.48,0.293,65.69,893.63,709.11,16.59,4.51,104.7,12.0,289,1.4,0.54,329.83,7315339,0.63,35.70,0,12982,17,3000,0,5,104,27.8,3.62,-1.11,34,27.5,47.70,18.00,97.7,15000,16.5,63.8,0.74,92,67,90,146.51,443.00,461,71620
Singapore,SGP,0,0,0,0,0,0,247,0,0.00,0.16,0,No data,No data,No data,0,0.00,0,0.00,4719815,5244697,5111988,7918.95,3.31,100.00,2.95,0.00,No data,605,80,No data,4.00,0.0030,0,0,0.94,No data,0.34,0.00,0.00,No data,0.0,2.1,No data,48,0.2,0.01,No data,5268,0.04,No data,0,0,0,0,1109,0,125,5.2,4.53,2.29,83,100.0,97.13,91.10,147.5,5600,100.0,100.0,24.60,96,84,82,5827.57,7.00,82808,700
Slovakia,SVK,7083,0,57165,0,0,0,0,0,0.00,0.06,8313,No data,No data,No data,0,0.00,0,0.00,0,0,0,113.54,-0.12,53.91,5.70,0.00,No data,1692,60,No data,5.24,0.0076,0,0,0.85,No data,157.22,0.00,0.00,No data,1.86,5.6,No data,3,0.1,0.03,No data,2,0.18,23.20,0,0,0,0,99602,0,119,2.8,3.65,0.53,53,100.0,No data,88.93,135.1,84000,97.5,99.8,35.65,97,96,97,2268.14,5.00,21258,48088
Slovenia,SVN,4305,0,12003,2,0,0,359,0,0.00,0.03,260,No data,No data,No data,0,0.00,0,0.00,0,3678,0,104.41,0.61,55.75,2.47,0.00,No data,1067,100.0,No data,4.67,0.0038,0,0,0.92,No data,0.00,0.00,0.00,No data,1.11,2.2,No data,4,0.1,0.01,No data,4,0.07,24.00,1500,0,3003,0,9222,0,126,2.4,4.65,1.18,56,100.0,99.70,89.00,123.0,36000,98.1,99.5,32.77,86,91,58,4046.49,5.00,29457,20140
Solomon Islands,SLB,1328,1169,0,41,8505,553,5152,11,0.09,0.13,97477,No data,No data,No data,658279,0.99,658279,0.99,204508,168716,396013,24.69,4.09,25.58,No data,44.79,38.64,35,20,No data,14.10,0.0056,0,0,0.56,No data,5.99,235.37,264.60,16.50,5.09,18.8,16.2,65,No data,No data,216.10,598343,No data,37.10,0,0,0,1000,0,0,108,19.0,2.35,-0.91,42,76.3,76.60,36.13,67.0,1000,34.8,67.3,1.94,87,40,86,115.36,122.00,2203,27990
Somalia,SOM,1127,0,257156,110,2305,6,14824,788261,0.31,0.58,4491623,0,0,0,20623286,0.99,20607972,0.99,1296115,8608909,7998404,26.36,4.33,47.32,6.16,23.12,24.95,3881,No data,No data,18.62,0.9756,5,0,0.46,No data,7781.14,3246.05,2405.00,31.57,21.35,111.8,22.5,250,0.1,0.03,66.33,3698691,No data,36.80,400000,4416,571431,3864000,34601,3063,85,48.7,No data,-2.05,12,49.3,No data,2.00,51.8,190000,39.3,56.5,0.23,42,4,No data,No data,621.00,462,627340
South Africa,ZAF,2277,0,15712,1,4905,0,1658,916286,0.23,0.45,44310740,0,0,17363,13890337,0.25,6984117,0.13,1023942,24081220,1147351,48.47,1.56,68.33,6.56,0.22,44.37,1801,100,24.2,9.71,0.7432,0,0,0.71,0.025,34.57,1269.20,1037.82,0.25,0.22,32.8,4.9,513,18.3,6.90,0.50,16502598,0.41,63.00,12012437,183119,1650,0,150912,0,117,7.9,3.45,-0.02,43,89.3,95.02,72.31,168.9,300000,78.5,93.9,7.92,86,82,87,1156.66,127.00,6776,1213090
South Sudan,SSD,6241,0,187957,0,0,0,0,446391,0.09,0.00,5063352,234118,0,513864,9831558,1.00,9825833,1.00,2285674,12238915,8125045,16.78,3.13,20.85,5.98,60.13,No data,2872,20,No data,13.24,0.9466,0,5,0.38,0.580,7221.13,1950.22,2116.75,No data,No data,98.7,27.7,227,2.1,2.05,274.80,8758494,0.59,44.10,8558670,1000000,178,1474679,321006,151256,106,21.4,No data,-2.38,13,7.7,34.52,6.50,30.5,39000,15.8,41.0,0.37,49,No data,No data,54.00,1223.00,No data,644329
Spain,ESP,16843,0,154887,25,0,0,10033,171429,0.06,0.06,0,No data,No data,No data,0,0.00,0,0.00,58747,7580691,1227934,94.82,0.72,81.30,7.85,0.00,No data,19732,80,No data,3.87,0.0452,0,0,0.90,No data,-1.04,0.00,0.00,No data,0.31,3.0,No data,8,0.3,0.17,No data,96,0.06,34.90,250,3500,0,0,459189,0,134,2.4,4.13,0.95,60,100.0,98.59,93.90,119.8,720000,99.9,99.9,44.41,92,91,92,4047.75,3.00,29350,498800
Sri Lanka,LKA,0,0,3239,408,31297,0,1624,186517,0.17,0.00,5391904,No data,No data,No data,0,0.00,0,0.00,14961863,18579746,19429962,354.33,0.99,19.03,No data,0.00,No data,3375,40,No data,7.04,0.1386,0,0,0.78,0.011,460.17,226.29,153.91,0.18,4.84,6.7,20.5,63,0.1,0.01,0,26092,0.38,37.70,330777,178176,7541,12201,761,369,117,5.3,3.55,-0.08,36,100.0,92.38,66.68,141.3,26000,93.7,92.2,12.29,96,97,No data,542.74,29.00,3354,62710
Sudan,SDN,0,0,892167,0,0,0,95,777123,0.20,0.00,25732164,0,0,0,38438704,0.93,38438704,0.93,11267410,38253172,13019551,23.79,3.65,35.96,5.89,24.01,12.51,11628,80,73.7,15.34,0.9693,0,5,0.51,0.279,4979.01,2506.06,3817.79,11.45,2.90,54.9,33.0,58,0.1,0.11,72.84,12728564,0.55,34.20,322018,12188422,0,3552718,1128958,12313,119,11.9,3.05,-1.64,22,61.8,60.70,28.40,75.6,50000,36.9,60.4,2.62,84,63,85,157.43,270.00,1102,2376000
Suriname,SUR,0,0,34158,0,0,0,52,0,0.00,0.06,No data,No data,No data,No data,576240,1.00,333717,0.58,539669,531429,541352,3.89,0.95,66.31,3.86,1.22,72.10,37,80,15.8,8.80,0.0073,0,0,0.73,0.011,0.47,28.95,28.54,1.10,4.09,17.2,6.7,29,1.3,1.21,0.24,165,0.43,No data,10100,9000,0,0,2571,0,112,9.0,No data,-0.65,40,98.8,95.00,65.94,147.8,6800,90.0,98.0,8.19,72,43,No data,1095.12,96.00,5858,156000
Sweden,SWE,0,0,61121,0,0,0,11104,0,0.00,0.03,0,No data,No data,No data,0,0.00,0,0.00,0,0,0,25.42,0.97,88.49,No data,0.00,No data,1151,80,No data,5.59,0.0173,0,0,0.95,No data,11.62,0.00,0.00,No data,0.60,2.5,No data,4,No data,No data,No data,12,0.02,28.90,13500,0,0,0,334706,0,129,2.4,3.98,1.65,83,100.0,No data,88.31,124.3,300000,99.3,99.8,44.06,98,91,97,6932.63,5.00,55873,410340
Switzerland,CHE,13405,0,39461,0,0,0,0,0,0.00,0.06,0,No data,No data,No data,0,0.00,0,0.00,0,0,0,218.60,0.89,74.09,No data,0.00,No data,1065,80.0,No data,4.98,0.0055,0,0,0.96,No data,257.75,0.00,0.00,No data,0.32,3.8,No data,5,0.2,0.05,No data,0,0.02,33.10,5,0,15040,0,198316,0,134,2.4,4.65,2.03,82,100.0,No data,95.57,121.8,160000,99.9,100.0,43.80,96,94,88,8493.35,7.00,92101,40000
Syria,SYR,41991,4820,97326,2,0,0,564,203686,0.09,0.42,14030954,No data,No data,No data,0,0.00,0,0.00,357231,13177760,880564,113.12,4.83,56.77,No data,0.68,82.82,10854,40,No data,9.00,0.9697,5,0,0.58,No data,12950.00,12293.49,9692.10,93.88,0.0,22.3,10.4,18,0.1,0.01,0,2971666,0.48,No data,5642003,363889,4112171,6865308,759382,51299,103,27.8,3.15,-1.74,13,88.8,86.30,35.78,79.7,65000,89.7,93.9,12.87,48,53,No data,144,30.00,537.21,183630
Tajikistan,TJK,21367,9310,70015,0,0,0,0,108571,0.06,0.39,7090612,No data,No data,No data,0,0.00,0,0.00,591611,4616337,558650,68.76,2.93,27.97,5.99,0.00,72.87,2373,40.0,17.1,12.75,0.6252,0,0,0.69,0.029,32.47,814.15,550.17,5.08,50.95,31.4,7.6,88,0.2,0.17,0,3375143,0.28,34.00,25110,0,2205,0,15112,0,121,9.3,3.17,-0.59,24,99.6,99.80,21.96,118.8,14000,96.8,81.9,17.23,97,96,No data,312.98,17.00,1054,139960
Tanzania,TZA,56768,0,35327,7,599,0,2524,367543,0.23,0.10,22366048,280912,0,1778418,57744416,1.00,57008716,0.98,22695348,45761088,31741156,69.66,4.96,36.68,4.85,10.89,48.44,4143,60,40.9,16.42,0.5232,0,0,0.55,0.284,272.62,2424.59,2615.24,3.70,0.80,47.1,12.1,208,4.5,1.55,125.77,32876354,0.56,40.50,2132001,58583,24,0,234974,0,110,23.5,3.58,-0.63,38,42.7,81.80,31.63,85.0,72000,31.8,60.7,0.51,81,62,80,101.51,238.00,1192,885800
Thailand,THA,3460,0,2625519,93,7792,0,20205,1199503,0.34,0.03,72272,No data,No data,No data,14934942,0.21,7189444,0.10,56650072,65540944,67036816,139.90,1.52,52.89,2.84,0.00,84.97,1122,80,6.8,4.61,0.7356,0,0,0.80,0.002,215.71,209.64,131.36,0.03,1.88,8.3,7.7,143,1.0,0.19,0.16,7244,0.33,35.10,958594,1381745,29850,41104,669617,0,118,5.2,3.12,0.25,36,100.0,94.10,85.27,168.8,230000,98.7,100.0,9.50,97,87,No data,773.99,29.00,6909,510890
Timor-Leste,TLS,2594,163,0,2,298,0,352,3429,0.06,0.00,401761,No data,No data,No data,0,0.00,0,0.00,694617,865155,1110505,87.42,2.72,32.07,5.27,18.22,28.41,No data,40,33.9,11.75,0.0060,0,0,0.61,0.222,56.75,271.11,253.58,13.39,5.85,50.5,31.9,486,0.2,0.17,0,464413,0.38,28.70,143670,1353,0,0,0,0,105,22.3,2.48,-0.88,42,100.0,69.90,39.45,104.9,2900,56.8,85.5,7.56,86,78,No data,346.95,204.00,2358,14870
Togo,TGO,0,0,4608,0,0,0,77,11429,0.03,0.03,3076382,226147,2115944,222712,0,0.00,8138183,1.00,4694536,6856614,7235097,155.22,3.62,43.92,4.35,45.15,17.15,2395,40,38.5,14.53,0.2297,0,0,0.54,0.180,27.16,596.49,349.93,4.06,8.22,62.6,15.2,33,1.9,0.50,237.52,5128595,0.58,42.40,0,18596,0,2289,9876,0,112,17.4,1.32,-0.65,30,55.7,66.54,34.98,72.4,13000,18.6,68.6,0.83,83,50,83,130.01,399.00,918,54390
Tonga,TON,197,197,0,2,7979,299,0,0,0.03,No data,No data,No data,No data,No data,0,0.00,0,0.00,42929,83342,87873,146.19,0.88,23.13,5.30,0.02,69.54,18,80,No data,11.32,0.0000,0,0,0.75,0.003,20.61,174.29,113.07,22.82,46.22,11.1,0.8,8,No data,No data,No data,37131,0.63,33.50,0,84176,0,0,0,0,90,4.9,2.67,0.28,No data,100.0,99.40,71.59,60.7,720,92.9,98.7,9.46,99,99,67,357.44,126.00,4426,720
Trinidad and Tobago,TTO,2834,336,0,0,54984,7679,241,0,0.03,0.13,No data,No data,No data,No data,0,0.00,0,0.00,1141668,1214668,1268014,295.94,0.49,53.34,6.50,0.00,No data,87,40.0,No data,5.91,0.0065,0,0,0.81,0.002,21.13,0.00,0.00,No data,0.62,16.3,4.9,13,1.0,0.12,No data,38,0.34,No data,0,100000,0,0,37971,0,113,12.2,3.23,0.19,42,100.0,98.70,79.00,130.9,8900,93.9,98.9,44.76,94,88,95,1672.03,27.00,18222,5130
Tunisia,TUN,21888,0,9689,41,0,0,20866,0,0.03,0.13,0,0,0,0,0,0.00,0,0.00,0,5555300,70046,78.28,1.22,70.21,3.89,0.00,84.11,1238,80,7.6,8.18,0.1180,0,0,0.73,0.003,115.49,1036.83,1092.50,2.41,4.47,16.3,1.6,36,0.1,0.06,No data,2746,0.26,32.80,1000,4000,0,0,8929,0,148,3.0,2.43,-0.17,40,99.9,82.70,78.99,127.6,55000,97.4,97.5,13.02,97,98,96,681.29,37.00,3777,155360
Turkey,TUR,172877,72402,164030,49,0,0,9838,0,0.00,0.03,61508732,No data,No data,No data,0,0.00,0,0.00,1000248,17306676,5825579,109.32,1.26,77.02,4.07,0.15,No data,11410,80,No data,7.52,0.8903,0,0,0.84,No data,5159.13,587.90,1055.33,0.13,0.08,9.0,1.5,18,No data,No data,0,0,0.27,41.90,568248,3306,9208252,1099493,3841034,0,159,2.4,4.17,-0.09,36,100.0,96.74,81.41,101.8,400000,99.2,97.0,19.27,99,88,97,1260.76,17.00,10616,769630
Turkmenistan,TKM,5768,0,175442,0,0,0,2245,0,0.00,0.23,4905018,No data,No data,No data,0,0.00,0,0.00,0,2608702,47190,13.30,2.32,53.49,5.22,0.00,100.00,2254,60,8.5,10.51,0.0416,0,0,0.75,0.001,4.14,36.64,27.60,0.08,0.0,41.4,3.1,47,No data,No data,0,97,0.18,No data,0,0,0,0,4541,0,119,5.7,No data,-0.93,19,100.0,99.70,21.25,98.6,20000,99.4,100.0,22.25,97,98,97,907.34,5.00,7297,469930
Tuvalu,TUV,0,0,0,0,63,0,0,292,0.06,No data,No data,No data,No data,No data,0,0.00,0,0.00,0,1055,5150,368.97,2.09,65.53,6.05,8.75,No data,No data,60,No data,11.22,0.0000,0,0,0.64,0.008,0.42,46.67,36.01,44.36,4.2,21.3,2.9,296,No data,No data,No data,11500,No data,39.10,10204,0,0,0,0,0,90,4.9,No data,-0.48,No data,99.7,No data,71.59,80.3,47,83.7,100.0,11.86,94,84,No data,1203.14,No data,5335,30
Uganda,UGA,30786,0,23240,0,0,0,0,124800,0.20,0.16,8554600,3777986,0,22695374,41567356,0.99,40750192,0.97,33098318,31811402,23145076,221.45,5.34,26.16,4.53,4.68,22.59,948,40,54.0,16.65,0.7873,0,5,0.52,0.281,1358.37,3277.83,2563.06,6.32,2.48,42.1,7.6,199,5.2,2.40,284.02,25961432,0.53,42.70,117464,599306,1016,4807,1562689,0,101,31.6,No data,-0.57,26,45.2,79.00,10.34,65.7,46000,19.8,55.9,1.54,91,No data,91,94.70,284.00,964,199810
Ukraine,UKR,5186,0,122398,0,0,0,10583,0,0.03,0.13,23758510,No data,No data,No data,0,0.00,0,0.00,0,0,0,76.17,-13.96,69.92,2.53,0.00,No data,14913,60,No data,3.86,0.9845,0,0,0.77,0.001,11247.49,2472.56,2212.37,1.13,10.65,8.2,No data,71,0.9,0.30,No data,0,0.20,25.60,1700,0,2850,5913638,39255,0,118,4.8,No data,-0.41,33,100.0,100.00,79.22,135.0,430000,97.7,93.9,29.92,78,86,No data,945.32,17.00,4534,579320
United Arab Emirates,ARE,0,0,441,39,212,0,99009,0,0.00,0.39,4703395,No data,No data,No data,0,0.00,0,0.00,3354813,6913817,7506702,130.77,1.09,87.54,No data,0.00,No data,536,100,No data,5.10,0.0163,0,0,0.91,No data,-269.18,0.00,0.00,No data,No data,6.4,No data,1,0.1,0.22,0,41,0.05,26.00,0,0,0,0,8509,0,131,2.4,4.15,1.40,67,100.0,98.13,100.00,194.7,40000,99.2,100.0,26.01,96,96,95,4033.42,9.00,53758,83600
United Kingdom,GBR,65,0,110612,2,0,0,215661,0,0.03,0.06,0,No data,No data,No data,0,0.00,0,0.00,0,0,0,277.28,0.21,84.40,4.62,0.00,No data,24753,100,No data,5.26,0.0874,0,0,0.93,No data,-15.58,0.00,0.00,No data,0.13,4.2,No data,6,No data,No data,No data,0,0.10,32.60,0,0,0,0,501629,0,138,2.4,4.15,1.28,73,100.0,No data,96.68,118.6,650000,99.1,100.0,30.04,93,87,91,6133.60,10.00,45850,241930
United States of America,USA,133784,59686,942030,671,2858516,210025,372647,0,0.51,0.06,No data,No data,No data,No data,0,0.00,0,0.00,52512120,167510448,34957236,36.24,0.63,83.08,2.49,0.00,No data,134998,100,No data,5.59,0.2302,0,0,0.92,No data,69.80,0.00,0.00,No data,0.03,6.2,0.4,3,0.4,0.20,No data,119,0.18,39.70,25202,6061,15705,0,2161851,0,153,2.4,3.80,1.34,69,100.0,No data,91.75,107.3,6600000,99.7,99.9,26.10,93,95,82,11702.41,21.00,76399,9147420
Uruguay,URY,29,0,4860,0,0,0,943,13832,0.09,0.03,No data,No data,No data,No data,0,0.00,0,0.00,110518,2392946,171044,19.59,-0.01,95.69,3.02,0.21,No data,2715,80,No data,5.44,0.0046,0,0,0.81,No data,5.64,0.00,0.00,No data,0.18,5.8,1.8,32,0.6,0.49,No data,52,0.23,40.80,0,409115,0,0,40622,0,138,2.4,3.42,0.84,74,100.0,98.77,90.07,136.9,58000,98.1,99.5,49.40,89,84,94,2110.57,19.00,20795,175020
Uzbekistan,UZB,52600,9789,575403,0,0,0,0,17143,0.03,0.32,26791306,No data,No data,No data,0,0.00,0,0.00,0,14103357,245456,77.69,2.15,50.47,No data,0.00,No data,16021,20,No data,11.30,0.0801,0,0,0.73,0.006,19.95,1524.76,1160.23,1.63,20.82,14.1,1.8,62,0.2,0.18,0,405951,0.23,No data,6,165,0,0,40415,0,139,2.4,3.95,-0.20,31,99.9,100.00,76.59,102.9,81000,100.0,97.8,23.74,98,99,98,532.83,30.00,2255,425400
Vanuatu,VUT,520,520,0,11,24762,1934,623,0,0.00,0.26,0,No data,No data,No data,294145,0.96,293108,0.96,116075,148381,183934,25.57,2.94,25.82,No data,0.30,25.21,11,80,No data,13.94,0.0000,0,0,0.61,No data,8.78,168.63,166.68,15.03,7.63,23.2,11.7,34,No data,No data,1.80,305040,No data,32.30,3383,0,502702,0,0,0,125,9.5,2.85,-0.56,48,70.0,89.10,66.34,78.3,1000,52.7,91.2,1.65,62,No data,2,119.83,94.00,3010,12190
Venezuela,VEN,54822,18947,70733,41,225681,11575,39528,0,0.03,0.10,No data,No data,No data,No data,20972904,0.73,20882896,0.73,22567552,27796956,24844716,32.30,0.42,88.38,No data,3.02,No data,10223,80,No data,8.15,0.6239,0,0,0.69,No data,1524.71,353.01,273.15,No data,No data,24.2,2.9,47,0.5,0.13,14.52,7995796,0.49,No data,1401300,186801,112,0,30386,0,100,17.9,4.00,-1.85,14,100.0,97.50,61.60,60.3,70000,95.8,93.7,17.30,56,37,0,590.12,259.00,No data,882050
Viet Nam,VNM,35102,0,3835668,122,1427774,143,2184027,244159,0.17,0.00,39627836,No data,No data,No data,48040236,0.49,42340708,0.43,73453320,88533408,90180304,308.36,2.59,38.77,3.44,2.93,86.07,26550,80,5.8,7.44,0.0196,0,0,0.70,0.008,51.93,1240.34,522.07,0.15,4.65,20.6,11.6,173,0.3,0.09,0.01,8820515,0.30,36.80,398343,515165,3,0,26811,0,131,5.0,3.32,0.28,42,100.0,95.75,74.21,138.9,77000,89.2,96.9,8.28,83,85,No data,516.18,124.00,4164,310070
Yemen,YEM,3290,0,96281,8,18514,521,7464,0,0.00,0.13,17259512,No data,No data,No data,13469396,0.42,22017378,0.69,1542970,12719147,10033908,61.15,3.80,39.19,6.67,9.73,48.61,502,40,No data,14.06,0.9777,4,0,0.46,0.245,13910.93,2709.79,3887.91,13.51,0.00,61.9,39.9,48,0.1,0.06,46.09,7883460,0.82,36.70,228208,219400,169035,4523022,90683,7,98,34.5,1.60,-2.30,16,74.9,No data,26.72,46.0,22000,54.1,60.7,5.25,72,52,72,102.29,183.00,677,527970
Zambia,ZMB,7345,0,28639,0,0,0,0,205234,0.14,0.10,5390598,0,0,352724,18965692,1.00,18965692,1.00,3734187,15396521,8850732,25.46,4.01,45.76,5.00,11.25,17.93,1544,80,48.3,15.61,0.0408,0,0,0.56,0.232,88.14,1076.34,1087.33,5.29,0.82,57.7,11.8,307,10.8,4.00,187.72,13185586,0.54,57.10,1580000,21582,176726,0,63933,0,101,29.8,3.58,-0.82,33,46.7,87.50,21.23,104.0,31000,31.9,65.4,1.17,91,81,89,188.66,135.00,1488,743390
Zimbabwe,ZWE,3192,0,10510,0,0,0,0,748289,0.23,0.42,5489121,0,0,33382,0,0.00,15269005,0.00,607983,12764634,680600,40.51,2.31,32.40,4.02,23.50,42.43,5084,80,21.6,14.18,0.0589,0,0,0.59,0.110,596.77,1043.86,984.53,3.52,9.90,49.5,9.7,190,11.6,2.37,27.20,8147168,0.53,50.30,169900,9551,0,0,22145,0,91,38.4,3.97,-1.24,23,49.0,89.70,34.81,89.1,49000,35.2,62.7,1.99,86,74,86,118.13,357.00,1267,386850